County,State,Total
Autauga County, Alabama,55601
Baldwin County, Alabama,218022
Barbour County, Alabama,24881
Bibb County, Alabama,22400
Blount County, Alabama,57840
Bullock County, Alabama,10138
Butler County, Alabama,19680
Calhoun County, Alabama,114277
Chambers County, Alabama,33615
Cherokee County, Alabama,26032
Chilton County, Alabama,44153
Choctaw County, Alabama,12841
Clarke County, Alabama,23920
Clay County, Alabama,13275
Cleburne County, Alabama,14987
Coffee County, Alabama,51909
Colbert County, Alabama,54762
Conecuh County, Alabama,12277
Coosa County, Alabama,10715
Covington County, Alabama,36986
Crenshaw County, Alabama,13824
Cullman County, Alabama,83442
Dale County, Alabama,48956
Dallas County, Alabama,38310
DeKalb County, Alabama,71385
Elmore County, Alabama,81887
Escambia County, Alabama,36748
Etowah County, Alabama,102501
Fayette County, Alabama,16433
Franklin County, Alabama,31363
Geneva County, Alabama,26314
Greene County, Alabama,8233
Hale County, Alabama,14726
Henry County, Alabama,17209
Houston County, Alabama,104722
Jackson County, Alabama,51736
Jefferson County, Alabama,659300
Lamar County, Alabama,13844
Lauderdale County, Alabama,92387
Lawrence County, Alabama,32957
Lee County, Alabama,163941
Limestone County, Alabama,96174
Lowndes County, Alabama,9974
Macon County, Alabama,18439
Madison County, Alabama,366519
Marengo County, Alabama,19066
Marion County, Alabama,29763
Marshall County, Alabama,96109
Mobile County, Alabama,413757
Monroe County, Alabama,21067
Montgomery County, Alabama,225763
Morgan County, Alabama,119089
Perry County, Alabama,9140
Pickens County, Alabama,19938
Pike County, Alabama,33338
Randolph County, Alabama,22725
Russell County, Alabama,57781
St Clair County, Alabama,88690
Shelby County, Alabama,215707
Sumter County, Alabama,12691
Talladega County, Alabama,79828
Tallapoosa County, Alabama,40497
Tuscaloosa County, Alabama,208911
Walker County, Alabama,63711
Washington County, Alabama,16378
Wilcox County, Alabama,10627
Winston County, Alabama,23660
Aleutians East Borough, Alaska,3515
Aleutians West Census Area, Alaska,5723
Anchorage, Alaska,291538
Bethel Census Area, Alaska,18216
Bristol Bay Borough, Alaska,877
Denali Borough, Alaska,2059
Dillingham Census Area, Alaska,5000
Fairbanks North Star Borough, Alaska,98971
Haines Borough, Alaska,2474
Hoonah-Angoon Census Area, Alaska,2151
Juneau City and Borough, Alaska,32113
Kenai Peninsula Borough, Alaska,58533
Ketchikan Gateway Borough, Alaska,13918
Kodiak Island Borough, Alaska,13345
Kusilvak Census Area, Alaska,8303
Lake and Peninsula Borough, Alaska,1587
Matanuska-Susitna Borough, Alaska,107610
Nome Census Area, Alaska,10008
North Slope Borough, Alaska,9872
Northwest Arctic Borough, Alaska,7671
Petersburg Borough, Alaska,3221
Prince of Wales-Hyder Census Area, Alaska,6422
Sitka City and Borough, Alaska,8647
Skagway Municipality, Alaska,1148
Southeast Fairbanks Census Area, Alaska,6918
Valdez-Cordova Census Area, Alaska,9164
Wrangell City and Borough, Alaska,2503
Yakutat City and Borough, Alaska,604
Yukon-Koyukuk Census Area, Alaska,5327
Apache County, Arizona,71818
Cochise County, Arizona,126770
Coconino County, Arizona,142854
Gila County, Arizona,53889
Graham County, Arizona,38072
Greenlee County, Arizona,9483
La Paz County, Arizona,21098
Maricopa County, Arizona,4410824
Mohave County, Arizona,209550
Navajo County, Arizona,110445
Pima County, Arizona,1039073
Pinal County, Arizona,447138
Santa Cruz County, Arizona,46511
Yavapai County, Arizona,231993
Yuma County, Arizona,212128
Arkansas County, Arkansas,17769
Ashley County, Arkansas,20046
Baxter County, Arkansas,41619
Benton County, Arkansas,272608
Boone County, Arkansas,37480
Bradley County, Arkansas,10897
Calhoun County, Arkansas,5277
Carroll County, Arkansas,28223
Chicot County, Arkansas,10438
Clark County, Arkansas,22061
Clay County, Arkansas,14847
Cleburne County, Arkansas,24965
Cleveland County, Arkansas,8018
Columbia County, Arkansas,23537
Conway County, Arkansas,20891
Craighead County, Arkansas,108558
Crawford County, Arkansas,63406
Crittenden County, Arkansas,48342
Cross County, Arkansas,16676
Dallas County, Arkansas,7182
Desha County, Arkansas,11512
Drew County, Arkansas,18328
Faulkner County, Arkansas,124806
Franklin County, Arkansas,17810
Fulton County, Arkansas,12269
Garland County, Arkansas,99154
Grant County, Arkansas,18188
Greene County, Arkansas,45325
Hempstead County, Arkansas,21741
Hot Spring County, Arkansas,33701
Howard County, Arkansas,13341
Independence County, Arkansas,37678
Izard County, Arkansas,13593
Jackson County, Arkansas,16811
Jefferson County, Arkansas,68114
Johnson County, Arkansas,26742
Lafayette County, Arkansas,6682
Lawrence County, Arkansas,16434
Lee County, Arkansas,8985
Lincoln County, Arkansas,13383
Little River County, Arkansas,12326
Logan County, Arkansas,21737
Lonoke County, Arkansas,73657
Madison County, Arkansas,16481
Marion County, Arkansas,16722
Miller County, Arkansas,43592
Mississippi County, Arkansas,41239
Monroe County, Arkansas,6900
Montgomery County, Arkansas,8924
Nevada County, Arkansas,8326
Newton County, Arkansas,7805
Ouachita County, Arkansas,23606
Perry County, Arkansas,10352
Phillips County, Arkansas,18029
Pike County, Arkansas,10673
Poinsett County, Arkansas,23974
Polk County, Arkansas,20049
Pope County, Arkansas,64000
Prairie County, Arkansas,8074
Pulaski County, Arkansas,392680
Randolph County, Arkansas,17948
St Francis County, Arkansas,25439
Saline County, Arkansas,121421
Scott County, Arkansas,10319
Searcy County, Arkansas,7958
Sebastian County, Arkansas,127753
Sevier County, Arkansas,17139
Sharp County, Arkansas,17366
Stone County, Arkansas,12457
Union County, Arkansas,39126
Van Buren County, Arkansas,16603
Washington County, Arkansas,236961
White County, Arkansas,78727
Woodruff County, Arkansas,6490
Yell County, Arkansas,21535
Alameda County, California,1666753
Alpine County, California,1101
Amador County, California,39383
Butte County, California,231256
Calaveras County, California,45602
Colusa County, California,21627
Contra Costa County, California,1150215
Del Norte County, California,27828
El Dorado County, California,190678
Fresno County, California,994400
Glenn County, California,28047
Humboldt County, California,136373
Imperial County, California,181827
Inyo County, California,17987
Kern County, California,896764
Kings County, California,151366
Lake County, California,64382
Lassen County, California,30802
Los Angeles County, California,10105518
Madera County, California,157672
Marin County, California,259666
Mariposa County, California,17471
Mendocino County, California,87606
Merced County, California,274765
Modoc County, California,8777
Mono County, California,14250
Monterey County, California,435594
Napa County, California,139417
Nevada County, California,99696
Orange County, California,3185968
Placer County, California,393149
Plumas County, California,18804
Riverside County, California,2450758
Sacramento County, California,1540975
San Benito County, California,61537
San Bernardino County, California,2171603
San Diego County, California,3343364
San Francisco County, California,883305
San Joaquin County, California,752660
San Luis Obispo County, California,284010
San Mateo County, California,769545
Santa Barbara County, California,446527
Santa Clara County, California,1937570
Santa Cruz County, California,274255
Shasta County, California,180040
Sierra County, California,2987
Siskiyou County, California,43724
Solano County, California,446610
Sonoma County, California,499942
Stanislaus County, California,549815
Sutter County, California,96807
Tehama County, California,63916
Trinity County, California,12535
Tulare County, California,465861
Tuolumne County, California,54539
Ventura County, California,850967
Yolo County, California,220408
Yuba County, California,78041
Adams County, Colorado,511868
Alamosa County, Colorado,16683
Arapahoe County, Colorado,651215
Archuleta County, Colorado,13765
Baca County, Colorado,3585
Bent County, Colorado,5882
Boulder County, Colorado,326078
Broomfield County, Colorado,69267
Chaffee County, Colorado,20027
Cheyenne County, Colorado,1876
Clear Creek County, Colorado,9605
Conejos County, Colorado,8200
Costilla County, Colorado,3828
Crowley County, Colorado,5858
Custer County, Colorado,4954
Delta County, Colorado,30953
Denver County, Colorado,716492
Dolores County, Colorado,2074
Douglas County, Colorado,342776
Eagle County, Colorado,54993
Elbert County, Colorado,26282
El Paso County, Colorado,713856
Fremont County, Colorado,48021
Garfield County, Colorado,59770
Gilpin County, Colorado,6121
Grand County, Colorado,15525
Gunnison County, Colorado,17246
Hinsdale County, Colorado,811
Huerfano County, Colorado,6889
Jackson County, Colorado,1399
Jefferson County, Colorado,580233
Kiowa County, Colorado,1383
Kit Carson County, Colorado,7163
Lake County, Colorado,7824
La Plata County, Colorado,56310
Larimer County, Colorado,350518
Las Animas County, Colorado,14503
Lincoln County, Colorado,5610
Logan County, Colorado,21528
Mesa County, Colorado,153207
Mineral County, Colorado,776
Moffat County, Colorado,13188
Montezuma County, Colorado,26158
Montrose County, Colorado,42214
Morgan County, Colorado,28558
Otero County, Colorado,18432
Ouray County, Colorado,4833
Park County, Colorado,18556
Phillips County, Colorado,4286
Pitkin County, Colorado,17950
Prowers County, Colorado,12164
Pueblo County, Colorado,167529
Rio Blanco County, Colorado,6336
Rio Grande County, Colorado,11250
Routt County, Colorado,25733
Saguache County, Colorado,6843
San Juan County, Colorado,762
San Miguel County, Colorado,8191
Sedgwick County, Colorado,2303
Summit County, Colorado,31007
Teller County, Colorado,25083
Washington County, Colorado,4909
Weld County, Colorado,314305
Yuma County, Colorado,10020
Fairfield County, Connecticut,943823
Hartford County, Connecticut,892697
Litchfield County, Connecticut,181111
Middlesex County, Connecticut,162682
New Haven County, Connecticut,857620
New London County, Connecticut,266784
Tolland County, Connecticut,150921
Windham County, Connecticut,117027
Kent County, Delaware,178550
New Castle County, Delaware,559335
Sussex County, Delaware,229286
District of Columbia, District of Columbia,702455
Alachua County, Florida,269956
Baker County, Florida,28355
Bay County, Florida,185287
Bradford County, Florida,27732
Brevard County, Florida,596849
Broward County, Florida,1951260
Calhoun County, Florida,14587
Charlotte County, Florida,184998
Citrus County, Florida,147929
Clay County, Florida,216072
Collier County, Florida,378488
Columbia County, Florida,70503
DeSoto County, Florida,37489
Dixie County, Florida,16700
Duval County, Florida,950181
Escambia County, Florida,315534
Flagler County, Florida,112067
Franklin County, Florida,11736
Gadsden County, Florida,45894
Gilchrist County, Florida,18256
Glades County, Florida,13724
Gulf County, Florida,16164
Hamilton County, Florida,14310
Hardee County, Florida,27245
Hendry County, Florida,41556
Hernando County, Florida,190865
Highlands County, Florida,105424
Hillsborough County, Florida,1436888
Holmes County, Florida,19477
Indian River County, Florida,157413
Jackson County, Florida,48305
Jefferson County, Florida,14288
Lafayette County, Florida,8732
Lake County, Florida,356495
Lee County, Florida,754610
Leon County, Florida,292502
Levy County, Florida,40770
Liberty County, Florida,8457
Madison County, Florida,18529
Manatee County, Florida,394855
Marion County, Florida,359977
Martin County, Florida,160912
Miami-Dade County, Florida,2761581
Monroe County, Florida,75027
Nassau County, Florida,85832
Okaloosa County, Florida,207269
Okeechobee County, Florida,41537
Orange County, Florida,1380645
Osceola County, Florida,367990
Palm Beach County, Florida,1485941
Pasco County, Florida,539630
Pinellas County, Florida,975280
Polk County, Florida,708009
Putnam County, Florida,74163
St Johns County, Florida,254261
St Lucie County, Florida,321128
Santa Rosa County, Florida,179349
Sarasota County, Florida,426718
Seminole County, Florida,467832
Sumter County, Florida,128754
Suwannee County, Florida,44191
Taylor County, Florida,21623
Union County, Florida,14940
Volusia County, Florida,547538
Wakulla County, Florida,32461
Walton County, Florida,71375
Washington County, Florida,24880
Appling County, Georgia,18507
Atkinson County, Georgia,8297
Bacon County, Georgia,11185
Baker County, Georgia,3092
Baldwin County, Georgia,44823
Banks County, Georgia,18988
Barrow County, Georgia,80809
Bartow County, Georgia,106408
Ben Hill County, Georgia,16787
Berrien County, Georgia,19252
Bibb County, Georgia,153095
Bleckley County, Georgia,12838
Brantley County, Georgia,18897
Brooks County, Georgia,15513
Bryan County, Georgia,38109
Bulloch County, Georgia,77296
Burke County, Georgia,22423
Butts County, Georgia,24193
Calhoun County, Georgia,6352
Camden County, Georgia,53677
Candler County, Georgia,10836
Carroll County, Georgia,118121
Catoosa County, Georgia,67420
Charlton County, Georgia,12968
Chatham County, Georgia,289195
Chattahoochee County, Georgia,10684
Chattooga County, Georgia,24790
Cherokee County, Georgia,254149
Clarke County, Georgia,127330
Clay County, Georgia,2887
Clayton County, Georgia,289615
Clinch County, Georgia,6648
Cobb County, Georgia,756865
Coffee County, Georgia,43093
Colquitt County, Georgia,45592
Columbia County, Georgia,154291
Cook County, Georgia,17162
Coweta County, Georgia,145864
Crawford County, Georgia,12318
Crisp County, Georgia,22601
Dade County, Georgia,16226
Dawson County, Georgia,25083
Decatur County, Georgia,26575
DeKalb County, Georgia,756558
Dodge County, Georgia,20705
Dooly County, Georgia,13706
Dougherty County, Georgia,91243
Douglas County, Georgia,145331
Early County, Georgia,10247
Echols County, Georgia,4000
Effingham County, Georgia,62190
Elbert County, Georgia,19120
Emanuel County, Georgia,22612
Evans County, Georgia,10721
Fannin County, Georgia,25964
Fayette County, Georgia,113459
Floyd County, Georgia,97927
Forsyth County, Georgia,236612
Franklin County, Georgia,23023
Fulton County, Georgia,1050114
Gilmer County, Georgia,30816
Glascock County, Georgia,2995
Glynn County, Georgia,85219
Gordon County, Georgia,57685
Grady County, Georgia,24748
Greene County, Georgia,17698
Gwinnett County, Georgia,927781
Habersham County, Georgia,45388
Hall County, Georgia,202148
Hancock County, Georgia,8348
Haralson County, Georgia,29533
Harris County, Georgia,34475
Hart County, Georgia,26099
Heard County, Georgia,11879
Henry County, Georgia,230220
Houston County, Georgia,155469
Irwin County, Georgia,9398
Jackson County, Georgia,70422
Jasper County, Georgia,14040
Jeff Davis County, Georgia,15029
Jefferson County, Georgia,15430
Jenkins County, Georgia,8683
Johnson County, Georgia,9708
Jones County, Georgia,28616
Lamar County, Georgia,19000
Lanier County, Georgia,10340
Laurens County, Georgia,47325
Lee County, Georgia,29764
Liberty County, Georgia,61497
Lincoln County, Georgia,7915
Long County, Georgia,18998
Lowndes County, Georgia,116321
Lumpkin County, Georgia,32955
McDuffie County, Georgia,21531
McIntosh County, Georgia,14340
Macon County, Georgia,13143
Madison County, Georgia,29650
Marion County, Georgia,8351
Meriwether County, Georgia,21068
Miller County, Georgia,5686
Mitchell County, Georgia,22192
Monroe County, Georgia,27520
Montgomery County, Georgia,9193
Morgan County, Georgia,18853
Murray County, Georgia,39921
Muscogee County, Georgia,194160
Newton County, Georgia,109541
Oconee County, Georgia,39272
Oglethorpe County, Georgia,15054
Paulding County, Georgia,164044
Peach County, Georgia,27297
Pickens County, Georgia,31980
Pierce County, Georgia,19389
Pike County, Georgia,18634
Polk County, Georgia,42470
Pulaski County, Georgia,11069
Putnam County, Georgia,21809
Quitman County, Georgia,2279
Rabun County, Georgia,16867
Randolph County, Georgia,6833
Richmond County, Georgia,201554
Rockdale County, Georgia,90594
Schley County, Georgia,5236
Screven County, Georgia,13938
Seminole County, Georgia,8315
Spalding County, Georgia,66100
Stephens County, Georgia,26035
Stewart County, Georgia,6199
Sumter County, Georgia,29733
Talbot County, Georgia,6272
Taliaferro County, Georgia,1608
Tattnall County, Georgia,25391
Taylor County, Georgia,8039
Telfair County, Georgia,15876
Terrell County, Georgia,8611
Thomas County, Georgia,44448
Tift County, Georgia,40571
Toombs County, Georgia,26887
Towns County, Georgia,11852
Treutlen County, Georgia,6809
Troup County, Georgia,70034
Turner County, Georgia,7912
Twiggs County, Georgia,8188
Union County, Georgia,24001
Upson County, Georgia,26215
Walker County, Georgia,69410
Walton County, Georgia,93503
Ware County, Georgia,35680
Warren County, Georgia,5251
Washington County, Georgia,20386
Wayne County, Georgia,29808
Webster County, Georgia,2611
Wheeler County, Georgia,7879
White County, Georgia,29970
Whitfield County, Georgia,104062
Wilcox County, Georgia,8812
Wilkes County, Georgia,9876
Wilkinson County, Georgia,9036
Worth County, Georgia,20299
Hawaii County, Hawaii,200983
Honolulu County, Hawaii,980080
Kalawao County, Hawaii,88
Kauai County, Hawaii,72133
Maui County, Hawaii,167207
Ada County, Idaho,469966
Adams County, Idaho,4250
Bannock County, Idaho,87138
Bear Lake County, Idaho,6050
Benewah County, Idaho,9226
Bingham County, Idaho,46236
Blaine County, Idaho,22601
Boise County, Idaho,7634
Bonner County, Idaho,44727
Bonneville County, Idaho,116854
Boundary County, Idaho,11948
Butte County, Idaho,2611
Camas County, Idaho,1127
Canyon County, Idaho,223499
Caribou County, Idaho,7060
Cassia County, Idaho,23864
Clark County, Idaho,852
Clearwater County, Idaho,8758
Custer County, Idaho,4280
Elmore County, Idaho,27259
Franklin County, Idaho,13726
Fremont County, Idaho,13168
Gem County, Idaho,17634
Gooding County, Idaho,15196
Idaho County, Idaho,16513
Jefferson County, Idaho,29439
Jerome County, Idaho,24015
Kootenai County, Idaho,161505
Latah County, Idaho,40134
Lemhi County, Idaho,7961
Lewis County, Idaho,3861
Lincoln County, Idaho,5360
Madison County, Idaho,39304
Minidoka County, Idaho,20825
Nez Perce County, Idaho,40408
Oneida County, Idaho,4488
Owyhee County, Idaho,11693
Payette County, Idaho,23551
Power County, Idaho,7768
Shoshone County, Idaho,12796
Teton County, Idaho,11640
Twin Falls County, Idaho,86081
Valley County, Idaho,11041
Washington County, Idaho,10161
Adams County, Illinois,65691
Alexander County, Illinois,6060
Bond County, Illinois,16630
Boone County, Illinois,53577
Brown County, Illinois,6556
Bureau County, Illinois,32993
Calhoun County, Illinois,4802
Carroll County, Illinois,14312
Cass County, Illinois,12260
Champaign County, Illinois,209983
Christian County, Illinois,32661
Clark County, Illinois,15596
Clay County, Illinois,13253
Clinton County, Illinois,37639
Coles County, Illinois,50885
Cook County, Illinois,5180493
Crawford County, Illinois,18807
Cumberland County, Illinois,10808
DeKalb County, Illinois,104143
De Witt County, Illinois,15769
Douglas County, Illinois,19479
DuPage County, Illinois,928589
Edgar County, Illinois,17360
Edwards County, Illinois,6392
Effingham County, Illinois,34208
Fayette County, Illinois,21416
Ford County, Illinois,13264
Franklin County, Illinois,38701
Fulton County, Illinois,34844
Gallatin County, Illinois,5058
Greene County, Illinois,13044
Grundy County, Illinois,50972
Hamilton County, Illinois,8163
Hancock County, Illinois,17844
Hardin County, Illinois,3910
Henderson County, Illinois,6709
Henry County, Illinois,49090
Iroquois County, Illinois,27604
Jackson County, Illinois,57419
Jasper County, Illinois,9611
Jefferson County, Illinois,37820
Jersey County, Illinois,21847
Jo Daviess County, Illinois,21366
Johnson County, Illinois,12456
Kane County, Illinois,534216
Kankakee County, Illinois,110024
Kendall County, Illinois,127915
Knox County, Illinois,50112
Lake County, Illinois,700832
LaSalle County, Illinois,109430
Lawrence County, Illinois,15765
Lee County, Illinois,34223
Livingston County, Illinois,35761
Logan County, Illinois,28925
McDonough County, Illinois,29955
McHenry County, Illinois,308570
McLean County, Illinois,172828
Macon County, Illinois,104712
Macoupin County, Illinois,45313
Madison County, Illinois,264461
Marion County, Illinois,37620
Marshall County, Illinois,11534
Mason County, Illinois,13565
Massac County, Illinois,14080
Menard County, Illinois,12288
Mercer County, Illinois,15601
Monroe County, Illinois,34335
Montgomery County, Illinois,28601
Morgan County, Illinois,33976
Moultrie County, Illinois,14717
Ogle County, Illinois,50923
Peoria County, Illinois,180621
Perry County, Illinois,21174
Piatt County, Illinois,16396
Pike County, Illinois,15611
Pope County, Illinois,4212
Pulaski County, Illinois,5463
Putnam County, Illinois,5740
Randolph County, Illinois,32106
Richland County, Illinois,15763
Rock Island County, Illinois,143477
St Clair County, Illinois,261059
Saline County, Illinois,23906
Sangamon County, Illinois,195348
Schuyler County, Illinois,6907
Scott County, Illinois,4926
Shelby County, Illinois,21741
Stark County, Illinois,5427
Stephenson County, Illinois,44753
Tazewell County, Illinois,132328
Union County, Illinois,16841
Vermilion County, Illinois,76806
Wabash County, Illinois,11549
Warren County, Illinois,17032
Washington County, Illinois,13995
Wayne County, Illinois,16332
White County, Illinois,13665
Whiteside County, Illinois,55626
Will County, Illinois,692310
Williamson County, Illinois,67056
Winnebago County, Illinois,284081
Woodford County, Illinois,38463
Adams County, Indiana,35636
Allen County, Indiana,375351
Bartholomew County, Indiana,82753
Benton County, Indiana,8653
Blackford County, Indiana,11930
Boone County, Indiana,66999
Brown County, Indiana,15234
Carroll County, Indiana,20127
Cass County, Indiana,37955
Clark County, Indiana,117360
Clay County, Indiana,26170
Clinton County, Indiana,32250
Crawford County, Indiana,10558
Daviess County, Indiana,33147
Dearborn County, Indiana,49568
Decatur County, Indiana,26794
DeKalb County, Indiana,43226
Delaware County, Indiana,114772
Dubois County, Indiana,42565
Elkhart County, Indiana,205560
Fayette County, Indiana,23047
Floyd County, Indiana,77781
Fountain County, Indiana,16351
Franklin County, Indiana,22736
Fulton County, Indiana,20092
Gibson County, Indiana,33452
Grant County, Indiana,65936
Greene County, Indiana,32006
Hamilton County, Indiana,330086
Hancock County, Indiana,76351
Harrison County, Indiana,40350
Hendricks County, Indiana,167009
Henry County, Indiana,48271
Howard County, Indiana,82366
Huntington County, Indiana,36240
Jackson County, Indiana,44111
Jasper County, Indiana,33370
Jay County, Indiana,20764
Jefferson County, Indiana,32208
Jennings County, Indiana,27611
Johnson County, Indiana,156225
Knox County, Indiana,36895
Kosciusko County, Indiana,79344
LaGrange County, Indiana,39330
Lake County, Indiana,484411
LaPorte County, Indiana,110007
Lawrence County, Indiana,45668
Madison County, Indiana,129641
Marion County, Indiana,954670
Marshall County, Indiana,46248
Martin County, Indiana,10217
Miami County, Indiana,35567
Monroe County, Indiana,146917
Montgomery County, Indiana,38346
Morgan County, Indiana,70116
Newton County, Indiana,14011
Noble County, Indiana,47532
Ohio County, Indiana,5844
Orange County, Indiana,19489
Owen County, Indiana,20845
Parke County, Indiana,16927
Perry County, Indiana,19102
Pike County, Indiana,12410
Porter County, Indiana,169594
Posey County, Indiana,25540
Pulaski County, Indiana,12469
Putnam County, Indiana,37779
Randolph County, Indiana,24851
Ripley County, Indiana,28523
Rush County, Indiana,16663
St Joseph County, Indiana,270771
Scott County, Indiana,23878
Shelby County, Indiana,44593
Spencer County, Indiana,20327
Starke County, Indiana,22935
Steuben County, Indiana,34586
Sullivan County, Indiana,20690
Switzerland County, Indiana,10717
Tippecanoe County, Indiana,193048
Tipton County, Indiana,15128
Union County, Indiana,7037
Vanderburgh County, Indiana,180974
Vermillion County, Indiana,15479
Vigo County, Indiana,107386
Wabash County, Indiana,31280
Warren County, Indiana,8263
Warrick County, Indiana,62567
Washington County, Indiana,27943
Wayne County, Indiana,65936
Wells County, Indiana,28206
White County, Indiana,24133
Whitley County, Indiana,34074
Adair County, Iowa,7063
Adams County, Iowa,3645
Allamakee County, Iowa,13832
Appanoose County, Iowa,12437
Audubon County, Iowa,5506
Benton County, Iowa,25642
Black Hawk County, Iowa,132408
Boone County, Iowa,26346
Bremer County, Iowa,24947
Buchanan County, Iowa,21199
Buena Vista County, Iowa,19874
Butler County, Iowa,14539
Calhoun County, Iowa,9699
Carroll County, Iowa,20154
Cass County, Iowa,12930
Cedar County, Iowa,18627
Cerro Gordo County, Iowa,42647
Cherokee County, Iowa,11321
Chickasaw County, Iowa,11964
Clarke County, Iowa,9423
Clay County, Iowa,16134
Clayton County, Iowa,17556
Clinton County, Iowa,46518
Crawford County, Iowa,17158
Dallas County, Iowa,90180
Davis County, Iowa,9017
Decatur County, Iowa,7890
Delaware County, Iowa,17069
Des Moines County, Iowa,39138
Dickinson County, Iowa,17153
Dubuque County, Iowa,96854
Emmet County, Iowa,9253
Fayette County, Iowa,19660
Floyd County, Iowa,15761
Franklin County, Iowa,10124
Fremont County, Iowa,6993
Greene County, Iowa,8981
Grundy County, Iowa,12304
Guthrie County, Iowa,10720
Hamilton County, Iowa,14952
Hancock County, Iowa,10712
Hardin County, Iowa,16868
Harrison County, Iowa,14134
Henry County, Iowa,20067
Howard County, Iowa,9187
Humboldt County, Iowa,9547
Ida County, Iowa,6841
Iowa County, Iowa,16141
Jackson County, Iowa,19432
Jasper County, Iowa,37147
Jefferson County, Iowa,18381
Johnson County, Iowa,151260
Jones County, Iowa,20744
Keokuk County, Iowa,10225
Kossuth County, Iowa,14908
Lee County, Iowa,34055
Linn County, Iowa,225909
Louisa County, Iowa,11169
Lucas County, Iowa,8645
Lyon County, Iowa,11811
Madison County, Iowa,16249
Mahaska County, Iowa,22000
Marion County, Iowa,33407
Marshall County, Iowa,39981
Mills County, Iowa,15063
Mitchell County, Iowa,10569
Monona County, Iowa,8679
Monroe County, Iowa,7790
Montgomery County, Iowa,10003
Muscatine County, Iowa,42929
O'Brien County, Iowa,13840
Osceola County, Iowa,6040
Page County, Iowa,15249
Palo Alto County, Iowa,8929
Plymouth County, Iowa,25095
Pocahontas County, Iowa,6740
Polk County, Iowa,487204
Pottawattamie County, Iowa,93533
Poweshiek County, Iowa,18699
Ringgold County, Iowa,4968
Sac County, Iowa,9719
Scott County, Iowa,173283
Shelby County, Iowa,11578
Sioux County, Iowa,34909
Story County, Iowa,98105
Tama County, Iowa,16904
Taylor County, Iowa,6191
Union County, Iowa,12359
Van Buren County, Iowa,7020
Wapello County, Iowa,35205
Warren County, Iowa,51056
Washington County, Iowa,22141
Wayne County, Iowa,6401
Webster County, Iowa,36277
Winnebago County, Iowa,10518
Winneshiek County, Iowa,20029
Woodbury County, Iowa,102539
Worth County, Iowa,7453
Wright County, Iowa,12690
Allen County, Kansas,12444
Anderson County, Kansas,7878
Atchison County, Kansas,16193
Barber County, Kansas,4472
Barton County, Kansas,26111
Bourbon County, Kansas,14653
Brown County, Kansas,9598
Butler County, Kansas,66765
Chase County, Kansas,2629
Chautauqua County, Kansas,3309
Cherokee County, Kansas,20015
Cheyenne County, Kansas,2660
Clark County, Kansas,2005
Clay County, Kansas,7997
Cloud County, Kansas,8729
Coffey County, Kansas,8233
Comanche County, Kansas,1748
Cowley County, Kansas,35218
Crawford County, Kansas,39019
Decatur County, Kansas,2871
Dickinson County, Kansas,18717
Doniphan County, Kansas,7682
Douglas County, Kansas,121436
Edwards County, Kansas,2849
Elk County, Kansas,2508
Ellis County, Kansas,28710
Ellsworth County, Kansas,6196
Finney County, Kansas,36611
Ford County, Kansas,33888
Franklin County, Kansas,25631
Geary County, Kansas,32594
Gove County, Kansas,2612
Graham County, Kansas,2492
Grant County, Kansas,7336
Gray County, Kansas,6033
Greeley County, Kansas,1227
Greenwood County, Kansas,6055
Hamilton County, Kansas,2607
Harper County, Kansas,5506
Harvey County, Kansas,34210
Haskell County, Kansas,3997
Hodgeman County, Kansas,1818
Jackson County, Kansas,13280
Jefferson County, Kansas,18975
Jewell County, Kansas,2841
Johnson County, Kansas,597555
Kearny County, Kansas,3943
Kingman County, Kansas,7310
Kiowa County, Kansas,2516
Labette County, Kansas,19964
Lane County, Kansas,1560
Leavenworth County, Kansas,81352
Lincoln County, Kansas,3023
Linn County, Kansas,9750
Logan County, Kansas,2844
Lyon County, Kansas,33406
McPherson County, Kansas,28537
Marion County, Kansas,11950
Marshall County, Kansas,9722
Meade County, Kansas,4146
Miami County, Kansas,33680
Mitchell County, Kansas,6150
Montgomery County, Kansas,32120
Morris County, Kansas,5521
Morton County, Kansas,2667
Nemaha County, Kansas,10155
Neosho County, Kansas,15951
Ness County, Kansas,2840
Norton County, Kansas,5430
Osage County, Kansas,15941
Osborne County, Kansas,3475
Ottawa County, Kansas,5802
Pawnee County, Kansas,6562
Phillips County, Kansas,5317
Pottawatomie County, Kansas,24277
Pratt County, Kansas,9378
Rawlins County, Kansas,2508
Reno County, Kansas,62342
Republic County, Kansas,4664
Rice County, Kansas,9531
Riley County, Kansas,73703
Rooks County, Kansas,5013
Rush County, Kansas,3093
Russell County, Kansas,6907
Saline County, Kansas,54401
Scott County, Kansas,4897
Sedgwick County, Kansas,513607
Seward County, Kansas,21780
Shawnee County, Kansas,177499
Sheridan County, Kansas,2533
Sherman County, Kansas,5899
Smith County, Kansas,3603
Stafford County, Kansas,4178
Stanton County, Kansas,1987
Stevens County, Kansas,5559
Sumner County, Kansas,22996
Thomas County, Kansas,7711
Trego County, Kansas,2793
Wabaunsee County, Kansas,6899
Wallace County, Kansas,1503
Washington County, Kansas,5420
Wichita County, Kansas,2105
Wilson County, Kansas,8665
Woodson County, Kansas,3183
Wyandotte County, Kansas,165324
Adair County, Kentucky,19215
Allen County, Kentucky,21122
Anderson County, Kentucky,22663
Ballard County, Kentucky,7979
Barren County, Kentucky,44176
Bath County, Kentucky,12383
Bell County, Kentucky,26569
Boone County, Kentucky,131533
Bourbon County, Kentucky,20184
Boyd County, Kentucky,47240
Boyle County, Kentucky,30100
Bracken County, Kentucky,8239
Breathitt County, Kentucky,12726
Breckinridge County, Kentucky,20388
Bullitt County, Kentucky,81069
Butler County, Kentucky,12772
Caldwell County, Kentucky,12715
Calloway County, Kentucky,39135
Campbell County, Kentucky,93152
Carlisle County, Kentucky,4771
Carroll County, Kentucky,10737
Carter County, Kentucky,27004
Casey County, Kentucky,15888
Christian County, Kentucky,71671
Clark County, Kentucky,36249
Clay County, Kentucky,20105
Clinton County, Kentucky,10206
Crittenden County, Kentucky,8915
Cumberland County, Kentucky,6659
Daviess County, Kentucky,101104
Edmonson County, Kentucky,12274
Elliott County, Kentucky,7508
Estill County, Kentucky,14198
Fayette County, Kentucky,323780
Fleming County, Kentucky,14432
Floyd County, Kentucky,35845
Franklin County, Kentucky,50815
Fulton County, Kentucky,6120
Gallatin County, Kentucky,8832
Garrard County, Kentucky,17560
Grant County, Kentucky,25121
Graves County, Kentucky,37317
Grayson County, Kentucky,26321
Green County, Kentucky,11049
Greenup County, Kentucky,35268
Hancock County, Kentucky,8758
Hardin County, Kentucky,110356
Harlan County, Kentucky,26409
Harrison County, Kentucky,18778
Hart County, Kentucky,18906
Henderson County, Kentucky,45591
Henry County, Kentucky,16106
Hickman County, Kentucky,4421
Hopkins County, Kentucky,45068
Jackson County, Kentucky,13442
Jefferson County, Kentucky,770517
Jessamine County, Kentucky,53920
Johnson County, Kentucky,22386
Kenton County, Kentucky,166051
Knott County, Kentucky,15126
Knox County, Kentucky,31304
Larue County, Kentucky,14307
Laurel County, Kentucky,60669
Lawrence County, Kentucky,15571
Lee County, Kentucky,7033
Leslie County, Kentucky,10143
Letcher County, Kentucky,21899
Lewis County, Kentucky,13257
Lincoln County, Kentucky,24644
Livingston County, Kentucky,9242
Logan County, Kentucky,26989
Lyon County, Kentucky,8009
McCracken County, Kentucky,65346
McCreary County, Kentucky,17408
McLean County, Kentucky,9252
Madison County, Kentucky,92368
Magoffin County, Kentucky,12362
Marion County, Kentucky,19404
Marshall County, Kentucky,31191
Martin County, Kentucky,11323
Mason County, Kentucky,17150
Meade County, Kentucky,28715
Menifee County, Kentucky,6451
Mercer County, Kentucky,21774
Metcalfe County, Kentucky,10030
Monroe County, Kentucky,10718
Montgomery County, Kentucky,28203
Morgan County, Kentucky,13345
Muhlenberg County, Kentucky,30774
Nelson County, Kentucky,45851
Nicholas County, Kentucky,7166
Ohio County, Kentucky,24087
Oldham County, Kentucky,66470
Owen County, Kentucky,10880
Owsley County, Kentucky,4472
Pendleton County, Kentucky,14529
Perry County, Kentucky,26092
Pike County, Kentucky,58402
Powell County, Kentucky,12442
Pulaski County, Kentucky,64623
Robertson County, Kentucky,2135
Rockcastle County, Kentucky,16750
Rowan County, Kentucky,24583
Russell County, Kentucky,17821
Scott County, Kentucky,56031
Shelby County, Kentucky,48518
Simpson County, Kentucky,18529
Spencer County, Kentucky,18794
Taylor County, Kentucky,25549
Todd County, Kentucky,12311
Trigg County, Kentucky,14643
Trimble County, Kentucky,8515
Union County, Kentucky,14505
Warren County, Kentucky,131264
Washington County, Kentucky,12084
Wayne County, Kentucky,20468
Webster County, Kentucky,13111
Whitley County, Kentucky,36242
Wolfe County, Kentucky,7177
Woodford County, Kentucky,26533
Acadia Parish, Louisiana,62190
Allen Parish, Louisiana,25605
Ascension Parish, Louisiana,124672
Assumption Parish, Louisiana,22300
Avoyelles Parish, Louisiana,40462
Beauregard Parish, Louisiana,37253
Bienville Parish, Louisiana,13308
Bossier Parish, Louisiana,127185
Caddo Parish, Louisiana,242922
Calcasieu Parish, Louisiana,203112
Caldwell Parish, Louisiana,9960
Cameron Parish, Louisiana,6968
Catahoula Parish, Louisiana,9608
Claiborne Parish, Louisiana,15944
Concordia Parish, Louisiana,19572
De Soto Parish, Louisiana,27436
East Baton Rouge Parish, Louisiana,440956
East Carroll Parish, Louisiana,7037
East Feliciana Parish, Louisiana,19305
Evangeline Parish, Louisiana,33443
Franklin Parish, Louisiana,20156
Grant Parish, Louisiana,22482
Iberia Parish, Louisiana,70941
Iberville Parish, Louisiana,32721
Jackson Parish, Louisiana,15902
Jefferson Parish, Louisiana,434051
Jefferson Davis Parish, Louisiana,31582
Lafayette Parish, Louisiana,242782
Lafourche Parish, Louisiana,98115
LaSalle Parish, Louisiana,14917
Lincoln Parish, Louisiana,47196
Livingston Parish, Louisiana,139567
Madison Parish, Louisiana,11161
Morehouse Parish, Louisiana,25398
Natchitoches Parish, Louisiana,38659
Orleans Parish, Louisiana,391006
Ouachita Parish, Louisiana,154475
Plaquemines Parish, Louisiana,23410
Pointe Coupee Parish, Louisiana,21940
Rapides Parish, Louisiana,130562
Red River Parish, Louisiana,8477
Richland Parish, Louisiana,20192
Sabine Parish, Louisiana,24032
St Bernard Parish, Louisiana,46721
St Charles Parish, Louisiana,52879
St Helena Parish, Louisiana,10262
St James Parish, Louisiana,21037
St John the Baptist Parish, Louisiana,43184
St Landry Parish, Louisiana,82764
St Martin Parish, Louisiana,53621
St Mary Parish, Louisiana,49774
St Tammany Parish, Louisiana,258111
Tangipahoa Parish, Louisiana,133777
Tensas Parish, Louisiana,4462
Terrebonne Parish, Louisiana,111021
Union Parish, Louisiana,22330
Vermilion Parish, Louisiana,59830
Vernon Parish, Louisiana,48860
Washington Parish, Louisiana,46582
Webster Parish, Louisiana,38798
West Baton Rouge Parish, Louisiana,26427
West Carroll Parish, Louisiana,10982
West Feliciana Parish, Louisiana,15460
Winn Parish, Louisiana,14134
Androscoggin County, Maine,107679
Aroostook County, Maine,67111
Cumberland County, Maine,293557
Franklin County, Maine,29897
Hancock County, Maine,54811
Kennebec County, Maine,122083
Knox County, Maine,39771
Lincoln County, Maine,34342
Oxford County, Maine,57618
Penobscot County, Maine,151096
Piscataquis County, Maine,16800
Sagadahoc County, Maine,35634
Somerset County, Maine,50592
Waldo County, Maine,39694
Washington County, Maine,31490
York County, Maine,206229
Allegany County, Maryland,70975
Anne Arundel County, Maryland,576031
Baltimore County, Maryland,828431
Calvert County, Maryland,92003
Caroline County, Maryland,33304
Carroll County, Maryland,168429
Cecil County, Maryland,102826
Charles County, Maryland,161503
Dorchester County, Maryland,31998
Frederick County, Maryland,255648
Garrett County, Maryland,29163
Harford County, Maryland,253956
Howard County, Maryland,323196
Kent County, Maryland,19383
Montgomery County, Maryland,1052567
Prince George's County, Maryland,909308
Queen Anne's County, Maryland,50251
St Mary's County, Maryland,112664
Somerset County, Maryland,25675
Talbot County, Maryland,36968
Washington County, Maryland,150926
Wicomico County, Maryland,103195
Worcester County, Maryland,51823
Baltimore city, Maryland,602495
Barnstable County, Massachusetts,213413
Berkshire County, Massachusetts,126348
Bristol County, Massachusetts,564022
Dukes County, Massachusetts,17352
Essex County, Massachusetts,790638
Franklin County, Massachusetts,70963
Hampden County, Massachusetts,470406
Hampshire County, Massachusetts,161355
Middlesex County, Massachusetts,1614714
Nantucket County, Massachusetts,11327
Norfolk County, Massachusetts,705388
Plymouth County, Massachusetts,518132
Suffolk County, Massachusetts,807252
Worcester County, Massachusetts,830839
Alcona County, Michigan,10362
Alger County, Michigan,9097
Allegan County, Michigan,117327
Alpena County, Michigan,28360
Antrim County, Michigan,23365
Arenac County, Michigan,15041
Baraga County, Michigan,8320
Barry County, Michigan,61157
Bay County, Michigan,103923
Benzie County, Michigan,17753
Berrien County, Michigan,154141
Branch County, Michigan,43622
Calhoun County, Michigan,134487
Cass County, Michigan,51653
Charlevoix County, Michigan,26244
Cheboygan County, Michigan,25413
Chippewa County, Michigan,37517
Clare County, Michigan,30757
Clinton County, Michigan,79332
Crawford County, Michigan,13901
Delta County, Michigan,35857
Dickinson County, Michigan,25383
Eaton County, Michigan,109826
Emmet County, Michigan,33308
Genesee County, Michigan,406892
Gladwin County, Michigan,25337
Gogebic County, Michigan,15096
Grand Traverse County, Michigan,92573
Gratiot County, Michigan,40599
Hillsdale County, Michigan,45749
Houghton County, Michigan,36219
Huron County, Michigan,31166
Ingham County, Michigan,292735
Ionia County, Michigan,64210
Iosco County, Michigan,25081
Iron County, Michigan,11117
Isabella County, Michigan,70562
Jackson County, Michigan,158823
Kalamazoo County, Michigan,264870
Kalkaska County, Michigan,17824
Kent County, Michigan,653786
Keweenaw County, Michigan,2113
Lake County, Michigan,11881
Lapeer County, Michigan,88028
Leelanau County, Michigan,21764
Lenawee County, Michigan,98266
Livingston County, Michigan,191224
Luce County, Michigan,6283
Mackinac County, Michigan,10787
Macomb County, Michigan,874759
Manistee County, Michigan,24528
Marquette County, Michigan,66516
Mason County, Michigan,29100
Mecosta County, Michigan,43545
Menominee County, Michigan,22983
Midland County, Michigan,83209
Missaukee County, Michigan,15113
Monroe County, Michigan,150439
Montcalm County, Michigan,63968
Montmorency County, Michigan,9265
Muskegon County, Michigan,173588
Newaygo County, Michigan,48892
Oakland County, Michigan,1259201
Oceana County, Michigan,26625
Ogemaw County, Michigan,20952
Ontonagon County, Michigan,5795
Osceola County, Michigan,23341
Oscoda County, Michigan,8276
Otsego County, Michigan,24665
Ottawa County, Michigan,290494
Presque Isle County, Michigan,12738
Roscommon County, Michigan,23884
Saginaw County, Michigan,190800
St Clair County, Michigan,159337
St Joseph County, Michigan,61043
Sanilac County, Michigan,41182
Schoolcraft County, Michigan,8068
Shiawassee County, Michigan,68192
Tuscola County, Michigan,52516
Van Buren County, Michigan,75448
Washtenaw County, Michigan,370963
Wayne County, Michigan,1753893
Wexford County, Michigan,33466
Aitkin County, Minnesota,15902
Anoka County, Minnesota,353813
Becker County, Minnesota,34371
Beltrami County, Minnesota,46847
Benton County, Minnesota,40545
Big Stone County, Minnesota,4989
Blue Earth County, Minnesota,67427
Brown County, Minnesota,25111
Carlton County, Minnesota,35837
Carver County, Minnesota,103551
Cass County, Minnesota,29519
Chippewa County, Minnesota,11924
Chisago County, Minnesota,55922
Clay County, Minnesota,63955
Clearwater County, Minnesota,8810
Cook County, Minnesota,5393
Cottonwood County, Minnesota,11277
Crow Wing County, Minnesota,64889
Dakota County, Minnesota,425423
Dodge County, Minnesota,20822
Douglas County, Minnesota,37964
Faribault County, Minnesota,13758
Fillmore County, Minnesota,21058
Freeborn County, Minnesota,30444
Goodhue County, Minnesota,46403
Grant County, Minnesota,6021
Hennepin County, Minnesota,1259428
Houston County, Minnesota,18578
Hubbard County, Minnesota,21332
Isanti County, Minnesota,39966
Itasca County, Minnesota,45108
Jackson County, Minnesota,9911
Kanabec County, Minnesota,16207
Kandiyohi County, Minnesota,42855
Kittson County, Minnesota,4248
Koochiching County, Minnesota,12440
Lac qui Parle County, Minnesota,6658
Lake County, Minnesota,10658
Lake of the Woods County, Minnesota,3758
Le Sueur County, Minnesota,28494
Lincoln County, Minnesota,5673
Lyon County, Minnesota,25629
McLeod County, Minnesota,35873
Mahnomen County, Minnesota,5519
Marshall County, Minnesota,9390
Martin County, Minnesota,19785
Meeker County, Minnesota,23141
Mille Lacs County, Minnesota,26139
Morrison County, Minnesota,33169
Mower County, Minnesota,40011
Murray County, Minnesota,8276
Nicollet County, Minnesota,34220
Nobles County, Minnesota,21924
Norman County, Minnesota,6475
Olmsted County, Minnesota,156277
Otter Tail County, Minnesota,58812
Pennington County, Minnesota,14178
Pine County, Minnesota,29483
Pipestone County, Minnesota,9047
Polk County, Minnesota,31529
Pope County, Minnesota,11097
Ramsey County, Minnesota,550210
Red Lake County, Minnesota,3999
Redwood County, Minnesota,15249
Renville County, Minnesota,14612
Rice County, Minnesota,66523
Rock County, Minnesota,9414
Roseau County, Minnesota,15150
St Louis County, Minnesota,199754
Scott County, Minnesota,147381
Sherburne County, Minnesota,96036
Sibley County, Minnesota,15028
Stearns County, Minnesota,159256
Steele County, Minnesota,36803
Stevens County, Minnesota,9753
Swift County, Minnesota,9345
Todd County, Minnesota,24582
Traverse County, Minnesota,3308
Wabasha County, Minnesota,21645
Wadena County, Minnesota,13773
Waseca County, Minnesota,18691
Washington County, Minnesota,259201
Watonwan County, Minnesota,10980
Wilkin County, Minnesota,6254
Winona County, Minnesota,50825
Wright County, Minnesota,136349
Yellow Medicine County, Minnesota,9795
Adams County, Mississippi,31192
Alcorn County, Mississippi,36925
Amite County, Mississippi,12326
Attala County, Mississippi,18365
Benton County, Mississippi,8271
Bolivar County, Mississippi,31333
Calhoun County, Mississippi,14436
Carroll County, Mississippi,9911
Chickasaw County, Mississippi,17171
Choctaw County, Mississippi,8278
Claiborne County, Mississippi,9002
Clarke County, Mississippi,15604
Clay County, Mississippi,19386
Coahoma County, Mississippi,22628
Copiah County, Mississippi,28543
Covington County, Mississippi,18853
DeSoto County, Mississippi,182001
Forrest County, Mississippi,75036
Franklin County, Mississippi,7788
George County, Mississippi,24250
Greene County, Mississippi,13586
Grenada County, Mississippi,21055
Hancock County, Mississippi,47334
Harrison County, Mississippi,206650
Hinds County, Mississippi,237085
Holmes County, Mississippi,17622
Humphreys County, Mississippi,8257
Issaquena County, Mississippi,1308
Itawamba County, Mississippi,23517
Jackson County, Mississippi,143277
Jasper County, Mississippi,16428
Jefferson County, Mississippi,7106
Jefferson Davis County, Mississippi,11234
Jones County, Mississippi,68461
Kemper County, Mississippi,10027
Lafayette County, Mississippi,54793
Lamar County, Mississippi,62447
Lauderdale County, Mississippi,75317
Lawrence County, Mississippi,12455
Leake County, Mississippi,22763
Lee County, Mississippi,85202
Leflore County, Mississippi,28919
Lincoln County, Mississippi,34205
Lowndes County, Mississippi,58930
Madison County, Mississippi,105630
Marion County, Mississippi,24715
Marshall County, Mississippi,35451
Monroe County, Mississippi,35564
Montgomery County, Mississippi,10023
Neshoba County, Mississippi,29125
Newton County, Mississippi,21443
Noxubee County, Mississippi,10535
Oktibbeha County, Mississippi,49599
Panola County, Mississippi,34178
Pearl River County, Mississippi,55387
Perry County, Mississippi,11931
Pike County, Mississippi,39563
Pontotoc County, Mississippi,31833
Prentiss County, Mississippi,25315
Quitman County, Mississippi,7051
Rankin County, Mississippi,153902
Scott County, Mississippi,28287
Sharkey County, Mississippi,4377
Simpson County, Mississippi,26758
Smith County, Mississippi,16002
Stone County, Mississippi,18717
Sunflower County, Mississippi,25735
Tallahatchie County, Mississippi,13987
Tate County, Mississippi,28759
Tippah County, Mississippi,21995
Tishomingo County, Mississippi,19454
Tunica County, Mississippi,9944
Union County, Mississippi,28606
Walthall County, Mississippi,14465
Warren County, Mississippi,46176
Washington County, Mississippi,45063
Wayne County, Mississippi,20298
Webster County, Mississippi,9788
Wilkinson County, Mississippi,8792
Winston County, Mississippi,18165
Yalobusha County, Mississippi,12392
Yazoo County, Mississippi,28248
Adair County, Missouri,25339
Andrew County, Missouri,17607
Atchison County, Missouri,5171
Audrain County, Missouri,25473
Barry County, Missouri,35886
Barton County, Missouri,11798
Bates County, Missouri,16320
Benton County, Missouri,19278
Bollinger County, Missouri,12169
Boone County, Missouri,180005
Buchanan County, Missouri,88571
Butler County, Missouri,42639
Caldwell County, Missouri,9108
Callaway County, Missouri,44889
Camden County, Missouri,45815
Cape Girardeau County, Missouri,78753
Carroll County, Missouri,8743
Carter County, Missouri,6054
Cass County, Missouri,104954
Cedar County, Missouri,14165
Chariton County, Missouri,7451
Christian County, Missouri,86983
Clark County, Missouri,6842
Clay County, Missouri,246365
Clinton County, Missouri,20470
Cole County, Missouri,76796
Cooper County, Missouri,17603
Crawford County, Missouri,23957
Dade County, Missouri,7569
Dallas County, Missouri,16762
Daviess County, Missouri,8313
DeKalb County, Missouri,12630
Dent County, Missouri,15441
Douglas County, Missouri,13373
Dunklin County, Missouri,29423
Franklin County, Missouri,103670
Gasconade County, Missouri,14705
Gentry County, Missouri,6628
Greene County, Missouri,291923
Grundy County, Missouri,9914
Harrison County, Missouri,8414
Henry County, Missouri,21792
Hickory County, Missouri,9509
Holt County, Missouri,4404
Howard County, Missouri,10137
Howell County, Missouri,40076
Iron County, Missouri,10177
Jackson County, Missouri,700307
Jasper County, Missouri,120636
Jefferson County, Missouri,224347
Johnson County, Missouri,53652
Knox County, Missouri,3947
Laclede County, Missouri,35713
Lafayette County, Missouri,32598
Lawrence County, Missouri,38359
Lewis County, Missouri,9855
Lincoln County, Missouri,57686
Linn County, Missouri,12037
Livingston County, Missouri,15146
McDonald County, Missouri,23078
Macon County, Missouri,15153
Madison County, Missouri,12188
Maries County, Missouri,8769
Marion County, Missouri,28592
Mercer County, Missouri,3641
Miller County, Missouri,25336
Mississippi County, Missouri,13336
Moniteau County, Missouri,16121
Monroe County, Missouri,8664
Montgomery County, Missouri,11534
Morgan County, Missouri,20358
New Madrid County, Missouri,17296
Newton County, Missouri,58266
Nodaway County, Missouri,22304
Oregon County, Missouri,10541
Osage County, Missouri,13714
Ozark County, Missouri,9017
Pemiscot County, Missouri,16272
Perry County, Missouri,19150
Pettis County, Missouri,42542
Phelps County, Missouri,44732
Pike County, Missouri,18504
Platte County, Missouri,102985
Polk County, Missouri,32201
Pulaski County, Missouri,52014
Putnam County, Missouri,4757
Ralls County, Missouri,10212
Randolph County, Missouri,24763
Ray County, Missouri,22883
Reynolds County, Missouri,6254
Ripley County, Missouri,13401
St Charles County, Missouri,399182
St Clair County, Missouri,9395
Ste Genevieve County, Missouri,17888
St Francois County, Missouri,66692
St Louis County, Missouri,996945
Saline County, Missouri,22895
Schuyler County, Missouri,4599
Scotland County, Missouri,4966
Scott County, Missouri,38458
Shannon County, Missouri,8189
Shelby County, Missouri,6050
Stoddard County, Missouri,29206
Stone County, Missouri,31749
Sullivan County, Missouri,6221
Taney County, Missouri,55852
Texas County, Missouri,25571
Vernon County, Missouri,20528
Warren County, Missouri,34711
Washington County, Missouri,24943
Wayne County, Missouri,13122
Webster County, Missouri,39109
Worth County, Missouri,2040
Wright County, Missouri,18378
St Louis city, Missouri,302838
Beaverhead County, Montana,9404
Big Horn County, Montana,13338
Blaine County, Montana,6807
Broadwater County, Montana,6085
Carbon County, Montana,10714
Carter County, Montana,1238
Cascade County, Montana,81643
Chouteau County, Montana,5745
Custer County, Montana,11586
Daniels County, Montana,1747
Dawson County, Montana,8680
Deer Lodge County, Montana,9131
Fallon County, Montana,2920
Fergus County, Montana,11113
Flathead County, Montana,102106
Gallatin County, Montana,111876
Garfield County, Montana,1268
Glacier County, Montana,13747
Golden Valley County, Montana,826
Granite County, Montana,3378
Hill County, Montana,16347
Jefferson County, Montana,12097
Judith Basin County, Montana,1952
Lake County, Montana,30250
Lewis and Clark County, Montana,68700
Liberty County, Montana,2430
Lincoln County, Montana,19794
McCone County, Montana,1675
Madison County, Montana,8768
Meagher County, Montana,1866
Mineral County, Montana,4316
Missoula County, Montana,118791
Musselshell County, Montana,4651
Park County, Montana,16736
Petroleum County, Montana,513
Phillips County, Montana,4074
Pondera County, Montana,5972
Powder River County, Montana,1716
Powell County, Montana,6968
Prairie County, Montana,1087
Ravalli County, Montana,43172
Richland County, Montana,10913
Roosevelt County, Montana,11059
Rosebud County, Montana,9063
Sanders County, Montana,11844
Sheridan County, Montana,3424
Silver Bow County, Montana,34993
Stillwater County, Montana,9534
Sweet Grass County, Montana,3710
Teton County, Montana,6162
Toole County, Montana,4853
Treasure County, Montana,679
Valley County, Montana,7437
Wheatland County, Montana,2236
Wibaux County, Montana,1034
Yellowstone County, Montana,160137
Adams County, Nebraska,31511
Antelope County, Nebraska,6336
Arthur County, Nebraska,465
Banner County, Nebraska,730
Blaine County, Nebraska,476
Boone County, Nebraska,5239
Box Butte County, Nebraska,10772
Boyd County, Nebraska,1955
Brown County, Nebraska,2973
Buffalo County, Nebraska,49615
Burt County, Nebraska,6488
Butler County, Nebraska,8058
Cass County, Nebraska,26159
Cedar County, Nebraska,8446
Chase County, Nebraska,3977
Cherry County, Nebraska,5761
Cheyenne County, Nebraska,9310
Clay County, Nebraska,6214
Colfax County, Nebraska,10881
Cuming County, Nebraska,8940
Custer County, Nebraska,10840
Dakota County, Nebraska,20083
Dawes County, Nebraska,8716
Dawson County, Nebraska,23709
Deuel County, Nebraska,1825
Dixon County, Nebraska,5709
Dodge County, Nebraska,36791
Douglas County, Nebraska,566880
Dundy County, Nebraska,1770
Fillmore County, Nebraska,5527
Franklin County, Nebraska,3023
Frontier County, Nebraska,2608
Furnas County, Nebraska,4715
Gage County, Nebraska,21493
Garden County, Nebraska,1897
Garfield County, Nebraska,1987
Gosper County, Nebraska,1996
Grant County, Nebraska,660
Greeley County, Nebraska,2356
Hall County, Nebraska,61607
Hamilton County, Nebraska,9280
Harlan County, Nebraska,3401
Hayes County, Nebraska,916
Hitchcock County, Nebraska,2806
Holt County, Nebraska,10178
Hooker County, Nebraska,682
Howard County, Nebraska,6468
Jefferson County, Nebraska,7097
Johnson County, Nebraska,5134
Kearney County, Nebraska,6544
Keith County, Nebraska,8021
Keya Paha County, Nebraska,810
Kimball County, Nebraska,3618
Knox County, Nebraska,8419
Lancaster County, Nebraska,317272
Lincoln County, Nebraska,35185
Logan County, Nebraska,749
Loup County, Nebraska,618
McPherson County, Nebraska,492
Madison County, Nebraska,35392
Merrick County, Nebraska,7733
Morrill County, Nebraska,4686
Nance County, Nebraska,3532
Nemaha County, Nebraska,6958
Nuckolls County, Nebraska,4195
Otoe County, Nebraska,15985
Pawnee County, Nebraska,2632
Perkins County, Nebraska,2929
Phelps County, Nebraska,8996
Pierce County, Nebraska,7142
Platte County, Nebraska,33363
Polk County, Nebraska,5278
Red Willow County, Nebraska,10726
Richardson County, Nebraska,7937
Rock County, Nebraska,1360
Saline County, Nebraska,14350
Sarpy County, Nebraska,184459
Saunders County, Nebraska,21303
Scotts Bluff County, Nebraska,35989
Seward County, Nebraska,17318
Sheridan County, Nebraska,5190
Sherman County, Nebraska,3038
Sioux County, Nebraska,1187
Stanton County, Nebraska,5970
Thayer County, Nebraska,5039
Thomas County, Nebraska,720
Thurston County, Nebraska,7303
Valley County, Nebraska,4190
Washington County, Nebraska,20667
Wayne County, Nebraska,9403
Webster County, Nebraska,3533
Wheeler County, Nebraska,805
York County, Nebraska,13772
Churchill County, Nevada,24440
Clark County, Nevada,2231647
Douglas County, Nevada,48467
Elko County, Nevada,52460
Esmeralda County, Nevada,826
Eureka County, Nevada,2003
Humboldt County, Nevada,16786
Lander County, Nevada,5575
Lincoln County, Nevada,5201
Lyon County, Nevada,55808
Mineral County, Nevada,4514
Nye County, Nevada,45346
Pershing County, Nevada,6666
Storey County, Nevada,4029
Washoe County, Nevada,465735
White Pine County, Nevada,9475
Carson City, Nevada,55414
Belknap County, New Hampshire,61022
Carroll County, New Hampshire,48779
Cheshire County, New Hampshire,76493
Coos County, New Hampshire,31589
Grafton County, New Hampshire,89786
Hillsborough County, New Hampshire,415247
Merrimack County, New Hampshire,151132
Rockingham County, New Hampshire,309176
Strafford County, New Hampshire,130090
Sullivan County, New Hampshire,43144
Atlantic County, New Jersey,265429
Bergen County, New Jersey,936692
Burlington County, New Jersey,445384
Camden County, New Jersey,507078
Cape May County, New Jersey,92560
Cumberland County, New Jersey,150972
Essex County, New Jersey,799767
Gloucester County, New Jersey,291408
Hudson County, New Jersey,676061
Hunterdon County, New Jersey,124714
Mercer County, New Jersey,369811
Middlesex County, New Jersey,829685
Monmouth County, New Jersey,621354
Morris County, New Jersey,494228
Ocean County, New Jersey,601651
Passaic County, New Jersey,503310
Salem County, New Jersey,62607
Somerset County, New Jersey,331164
Sussex County, New Jersey,140799
Union County, New Jersey,558067
Warren County, New Jersey,105779
Bernalillo County, New Mexico,678701
Catron County, New Mexico,3578
Chaves County, New Mexico,64689
Cibola County, New Mexico,26746
Colfax County, New Mexico,12110
Curry County, New Mexico,49437
De Baca County, New Mexico,1781
Doña Ana County, New Mexico,217522
Eddy County, New Mexico,57900
Grant County, New Mexico,27346
Guadalupe County, New Mexico,4341
Harding County, New Mexico,655
Hidalgo County, New Mexico,4240
Lea County, New Mexico,69611
Lincoln County, New Mexico,19556
Los Alamos County, New Mexico,19101
Luna County, New Mexico,23963
McKinley County, New Mexico,72290
Mora County, New Mexico,4506
Otero County, New Mexico,66781
Quay County, New Mexico,8253
Rio Arriba County, New Mexico,39006
Roosevelt County, New Mexico,18743
Sandoval County, New Mexico,145179
San Juan County, New Mexico,125043
San Miguel County, New Mexico,27591
Santa Fe County, New Mexico,150056
Sierra County, New Mexico,10968
Socorro County, New Mexico,16735
Taos County, New Mexico,32835
Torrance County, New Mexico,15591
Union County, New Mexico,4118
Valencia County, New Mexico,76456
Albany County, New York,307117
Allegany County, New York,46430
Broome County, New York,191659
Cattaraugus County, New York,76840
Cayuga County, New York,77145
Chautauqua County, New York,127939
Chemung County, New York,84254
Chenango County, New York,47536
Clinton County, New York,80695
Columbia County, New York,59916
Cortland County, New York,47823
Delaware County, New York,44527
Dutchess County, New York,293718
Erie County, New York,919719
Essex County, New York,37300
Franklin County, New York,50293
Fulton County, New York,53591
Genesee County, New York,57511
Greene County, New York,47491
Hamilton County, New York,4434
Herkimer County, New York,61833
Jefferson County, New York,111755
Lewis County, New York,26447
Livingston County, New York,63227
Madison County, New York,70795
Monroe County, New York,742474
Montgomery County, New York,49455
Nassau County, New York,1358343
New York City, New York,8398748
Niagara County, New York,210433
Oneida County, New York,229577
Onondaga County, New York,461809
Ontario County, New York,109864
Orange County, New York,381951
Orleans County, New York,40612
Oswego County, New York,117898
Otsego County, New York,59749
Putnam County, New York,98892
Rensselaer County, New York,159442
Rockland County, New York,325695
St Lawrence County, New York,108047
Saratoga County, New York,230163
Schenectady County, New York,155350
Schoharie County, New York,31097
Schuyler County, New York,17912
Seneca County, New York,34300
Steuben County, New York,95796
Suffolk County, New York,1481093
Sullivan County, New York,75498
Tioga County, New York,48560
Tompkins County, New York,102793
Ulster County, New York,178599
Warren County, New York,64265
Washington County, New York,61197
Wayne County, New York,90064
Westchester County, New York,967612
Wyoming County, New York,40085
Yates County, New York,24841
Alamance County, North Carolina,166436
Alexander County, North Carolina,37353
Alleghany County, North Carolina,11161
Anson County, North Carolina,24877
Ashe County, North Carolina,27109
Avery County, North Carolina,17505
Beaufort County, North Carolina,47079
Bertie County, North Carolina,19026
Bladen County, North Carolina,33190
Brunswick County, North Carolina,136744
Buncombe County, North Carolina,259103
Burke County, North Carolina,90382
Cabarrus County, North Carolina,211342
Caldwell County, North Carolina,82029
Camden County, North Carolina,10710
Carteret County, North Carolina,69524
Caswell County, North Carolina,22698
Catawba County, North Carolina,158652
Chatham County, North Carolina,73139
Cherokee County, North Carolina,28383
Chowan County, North Carolina,14029
Clay County, North Carolina,11139
Cleveland County, North Carolina,97645
Columbus County, North Carolina,55655
Craven County, North Carolina,102912
Cumberland County, North Carolina,332330
Currituck County, North Carolina,27072
Dare County, North Carolina,36501
Davidson County, North Carolina,166614
Davie County, North Carolina,42733
Duplin County, North Carolina,58856
Durham County, North Carolina,316739
Edgecombe County, North Carolina,52005
Forsyth County, North Carolina,379099
Franklin County, North Carolina,67560
Gaston County, North Carolina,222846
Gates County, North Carolina,11573
Graham County, North Carolina,8484
Granville County, North Carolina,60115
Greene County, North Carolina,21012
Guilford County, North Carolina,533670
Halifax County, North Carolina,50574
Harnett County, North Carolina,134214
Haywood County, North Carolina,61971
Henderson County, North Carolina,116748
Hertford County, North Carolina,23659
Hoke County, North Carolina,54764
Hyde County, North Carolina,5230
Iredell County, North Carolina,178435
Jackson County, North Carolina,43327
Johnston County, North Carolina,202675
Jones County, North Carolina,9637
Lee County, North Carolina,61452
Lenoir County, North Carolina,55976
Lincoln County, North Carolina,83770
McDowell County, North Carolina,45507
Macon County, North Carolina,35285
Madison County, North Carolina,21763
Martin County, North Carolina,22671
Mecklenburg County, North Carolina,1093901
Mitchell County, North Carolina,15000
Montgomery County, North Carolina,27271
Moore County, North Carolina,98682
Nash County, North Carolina,94016
New Hanover County, North Carolina,232274
Northampton County, North Carolina,19676
Onslow County, North Carolina,197683
Orange County, North Carolina,146027
Pamlico County, North Carolina,12670
Pasquotank County, North Carolina,39639
Pender County, North Carolina,62162
Perquimans County, North Carolina,13422
Person County, North Carolina,39507
Pitt County, North Carolina,179914
Polk County, North Carolina,20611
Randolph County, North Carolina,143351
Richmond County, North Carolina,44887
Robeson County, North Carolina,131831
Rockingham County, North Carolina,90690
Rowan County, North Carolina,141262
Rutherford County, North Carolina,66826
Sampson County, North Carolina,63626
Scotland County, North Carolina,34810
Stanly County, North Carolina,62075
Stokes County, North Carolina,45467
Surry County, North Carolina,71948
Swain County, North Carolina,14245
Transylvania County, North Carolina,34215
Tyrrell County, North Carolina,4131
Union County, North Carolina,235908
Vance County, North Carolina,44582
Wake County, North Carolina,1092305
Warren County, North Carolina,19807
Washington County, North Carolina,11859
Watauga County, North Carolina,55945
Wayne County, North Carolina,123248
Wilkes County, North Carolina,68557
Wilson County, North Carolina,81455
Yadkin County, North Carolina,37543
Yancey County, North Carolina,17903
Adams County, North Dakota,2294
Barnes County, North Dakota,10542
Benson County, North Dakota,6962
Billings County, North Dakota,919
Bottineau County, North Dakota,6411
Bowman County, North Dakota,3076
Burke County, North Dakota,2100
Burleigh County, North Dakota,95273
Cass County, North Dakota,181516
Cavalier County, North Dakota,3829
Dickey County, North Dakota,4903
Divide County, North Dakota,2283
Dunn County, North Dakota,4332
Eddy County, North Dakota,2313
Emmons County, North Dakota,3295
Foster County, North Dakota,3216
Golden Valley County, North Dakota,1769
Grand Forks County, North Dakota,70770
Grant County, North Dakota,2374
Griggs County, North Dakota,2232
Hettinger County, North Dakota,2514
Kidder County, North Dakota,2450
LaMoure County, North Dakota,4062
Logan County, North Dakota,1903
McHenry County, North Dakota,5816
McIntosh County, North Dakota,2585
McKenzie County, North Dakota,13632
McLean County, North Dakota,9541
Mercer County, North Dakota,8267
Morton County, North Dakota,31095
Mountrail County, North Dakota,10218
Nelson County, North Dakota,2869
Oliver County, North Dakota,1952
Pembina County, North Dakota,6947
Pierce County, North Dakota,4081
Ramsey County, North Dakota,11481
Ransom County, North Dakota,5237
Renville County, North Dakota,2374
Richland County, North Dakota,16239
Rolette County, North Dakota,14301
Sargent County, North Dakota,3870
Sheridan County, North Dakota,1349
Sioux County, North Dakota,4358
Slope County, North Dakota,763
Stark County, North Dakota,30997
Steele County, North Dakota,1903
Stutsman County, North Dakota,20917
Towner County, North Dakota,2192
Traill County, North Dakota,8037
Walsh County, North Dakota,10667
Ward County, North Dakota,67744
Wells County, North Dakota,3957
Williams County, North Dakota,35350
Adams County, Ohio,27724
Allen County, Ohio,102663
Ashland County, Ohio,53745
Ashtabula County, Ohio,97493
Athens County, Ohio,65818
Auglaize County, Ohio,45804
Belmont County, Ohio,67505
Brown County, Ohio,43602
Butler County, Ohio,382378
Carroll County, Ohio,27081
Champaign County, Ohio,38754
Clark County, Ohio,134585
Clermont County, Ohio,205466
Clinton County, Ohio,42057
Columbiana County, Ohio,102665
Coshocton County, Ohio,36629
Crawford County, Ohio,41550
Cuyahoga County, Ohio,1243857
Darke County, Ohio,51323
Defiance County, Ohio,38165
Delaware County, Ohio,204826
Erie County, Ohio,74615
Fairfield County, Ohio,155782
Fayette County, Ohio,28666
Franklin County, Ohio,1310300
Fulton County, Ohio,42276
Gallia County, Ohio,29979
Geauga County, Ohio,94031
Greene County, Ohio,167995
Guernsey County, Ohio,39022
Hamilton County, Ohio,816684
Hancock County, Ohio,75930
Hardin County, Ohio,31480
Harrison County, Ohio,15174
Henry County, Ohio,27086
Highland County, Ohio,43058
Hocking County, Ohio,28385
Holmes County, Ohio,43892
Huron County, Ohio,58504
Jackson County, Ohio,32384
Jefferson County, Ohio,65767
Knox County, Ohio,61893
Lake County, Ohio,230514
Lawrence County, Ohio,59866
Licking County, Ohio,175769
Logan County, Ohio,45358
Lorain County, Ohio,309461
Lucas County, Ohio,429899
Madison County, Ohio,44413
Mahoning County, Ohio,229642
Marion County, Ohio,65256
Medina County, Ohio,179146
Meigs County, Ohio,23106
Mercer County, Ohio,40959
Miami County, Ohio,106222
Monroe County, Ohio,13790
Montgomery County, Ohio,532331
Morgan County, Ohio,14604
Morrow County, Ohio,35112
Muskingum County, Ohio,86183
Noble County, Ohio,14354
Ottawa County, Ohio,40769
Paulding County, Ohio,18760
Perry County, Ohio,36033
Pickaway County, Ohio,58086
Pike County, Ohio,28067
Portage County, Ohio,162927
Preble County, Ohio,40997
Putnam County, Ohio,33780
Richland County, Ohio,121099
Ross County, Ohio,76931
Sandusky County, Ohio,58799
Scioto County, Ohio,75502
Seneca County, Ohio,55207
Shelby County, Ohio,48627
Stark County, Ohio,371574
Summit County, Ohio,541918
Trumbull County, Ohio,198627
Tuscarawas County, Ohio,92176
Union County, Ohio,57835
Van Wert County, Ohio,28281
Vinton County, Ohio,13139
Warren County, Ohio,232173
Washington County, Ohio,60155
Wayne County, Ohio,115967
Williams County, Ohio,36804
Wood County, Ohio,130696
Wyandot County, Ohio,21935
Adair County, Oklahoma,22082
Alfalfa County, Oklahoma,5754
Atoka County, Oklahoma,13838
Beaver County, Oklahoma,5319
Beckham County, Oklahoma,21709
Blaine County, Oklahoma,9485
Bryan County, Oklahoma,47192
Caddo County, Oklahoma,28977
Canadian County, Oklahoma,144447
Carter County, Oklahoma,48177
Cherokee County, Oklahoma,48675
Choctaw County, Oklahoma,14668
Cimarron County, Oklahoma,2153
Cleveland County, Oklahoma,281669
Coal County, Oklahoma,5520
Comanche County, Oklahoma,120422
Cotton County, Oklahoma,5776
Craig County, Oklahoma,14306
Creek County, Oklahoma,71604
Custer County, Oklahoma,29036
Delaware County, Oklahoma,42733
Dewey County, Oklahoma,4894
Ellis County, Oklahoma,3952
Garfield County, Oklahoma,60913
Garvin County, Oklahoma,27811
Grady County, Oklahoma,55551
Grant County, Oklahoma,4326
Greer County, Oklahoma,5821
Harmon County, Oklahoma,2664
Harper County, Oklahoma,3797
Haskell County, Oklahoma,12668
Hughes County, Oklahoma,13335
Jackson County, Oklahoma,24949
Jefferson County, Oklahoma,6123
Johnston County, Oklahoma,10949
Kay County, Oklahoma,44161
Kingfisher County, Oklahoma,15816
Kiowa County, Oklahoma,8729
Latimer County, Oklahoma,10231
Le Flore County, Oklahoma,49980
Lincoln County, Oklahoma,34920
Logan County, Oklahoma,47291
Love County, Oklahoma,10134
McClain County, Oklahoma,39985
McCurtain County, Oklahoma,32703
McIntosh County, Oklahoma,19815
Major County, Oklahoma,7644
Marshall County, Oklahoma,16806
Mayes County, Oklahoma,41107
Murray County, Oklahoma,13953
Muskogee County, Oklahoma,68362
Noble County, Oklahoma,11289
Nowata County, Oklahoma,10218
Okfuskee County, Oklahoma,12098
Oklahoma County, Oklahoma,792582
Okmulgee County, Oklahoma,38335
Osage County, Oklahoma,47014
Ottawa County, Oklahoma,31175
Pawnee County, Oklahoma,16390
Payne County, Oklahoma,82040
Pittsburg County, Oklahoma,43877
Pontotoc County, Oklahoma,38247
Pottawatomie County, Oklahoma,72679
Pushmataha County, Oklahoma,11179
Roger Mills County, Oklahoma,3656
Rogers County, Oklahoma,91984
Seminole County, Oklahoma,24578
Sequoyah County, Oklahoma,41179
Stephens County, Oklahoma,43265
Texas County, Oklahoma,20455
Tillman County, Oklahoma,7348
Tulsa County, Oklahoma,648360
Wagoner County, Oklahoma,80110
Washington County, Oklahoma,51843
Washita County, Oklahoma,11127
Woods County, Oklahoma,8897
Woodward County, Oklahoma,20222
Baker County, Oregon,16006
Benton County, Oregon,92101
Clackamas County, Oregon,416075
Clatsop County, Oregon,39764
Columbia County, Oregon,52377
Coos County, Oregon,64389
Crook County, Oregon,23867
Curry County, Oregon,22813
Deschutes County, Oregon,191996
Douglas County, Oregon,110283
Gilliam County, Oregon,1894
Grant County, Oregon,7176
Harney County, Oregon,7329
Hood River County, Oregon,23428
Jackson County, Oregon,219564
Jefferson County, Oregon,24192
Josephine County, Oregon,87393
Klamath County, Oregon,67653
Lake County, Oregon,7879
Lane County, Oregon,379611
Lincoln County, Oregon,49388
Linn County, Oregon,127335
Malheur County, Oregon,30725
Marion County, Oregon,346868
Morrow County, Oregon,11372
Multnomah County, Oregon,811880
Polk County, Oregon,85234
Sherman County, Oregon,1708
Tillamook County, Oregon,26787
Umatilla County, Oregon,77516
Union County, Oregon,26461
Wallowa County, Oregon,7081
Wasco County, Oregon,26505
Washington County, Oregon,597695
Wheeler County, Oregon,1366
Yamhill County, Oregon,107002
Adams County, Pennsylvania,102811
Allegheny County, Pennsylvania,1218452
Armstrong County, Pennsylvania,65263
Beaver County, Pennsylvania,164742
Bedford County, Pennsylvania,48176
Berks County, Pennsylvania,420152
Blair County, Pennsylvania,122492
Bradford County, Pennsylvania,60833
Bucks County, Pennsylvania,628195
Butler County, Pennsylvania,187888
Cambria County, Pennsylvania,131730
Cameron County, Pennsylvania,4492
Carbon County, Pennsylvania,64227
Centre County, Pennsylvania,162805
Chester County, Pennsylvania,522046
Clarion County, Pennsylvania,38779
Clearfield County, Pennsylvania,79388
Clinton County, Pennsylvania,38684
Columbia County, Pennsylvania,65456
Crawford County, Pennsylvania,85063
Cumberland County, Pennsylvania,251423
Dauphin County, Pennsylvania,277097
Delaware County, Pennsylvania,564751
Elk County, Pennsylvania,30169
Erie County, Pennsylvania,272061
Fayette County, Pennsylvania,130441
Forest County, Pennsylvania,7279
Franklin County, Pennsylvania,154835
Fulton County, Pennsylvania,14523
Greene County, Pennsylvania,36506
Huntingdon County, Pennsylvania,45168
Indiana County, Pennsylvania,84501
Jefferson County, Pennsylvania,43641
Juniata County, Pennsylvania,24704
Lackawanna County, Pennsylvania,210793
Lancaster County, Pennsylvania,543557
Lawrence County, Pennsylvania,86184
Lebanon County, Pennsylvania,141314
Lehigh County, Pennsylvania,368100
Luzerne County, Pennsylvania,317646
Lycoming County, Pennsylvania,113664
McKean County, Pennsylvania,40968
Mercer County, Pennsylvania,110683
Mifflin County, Pennsylvania,46222
Monroe County, Pennsylvania,169507
Montgomery County, Pennsylvania,828604
Montour County, Pennsylvania,18240
Northampton County, Pennsylvania,304807
Northumberland County, Pennsylvania,91083
Perry County, Pennsylvania,46139
Philadelphia County, Pennsylvania,1584138
Pike County, Pennsylvania,55933
Potter County, Pennsylvania,16622
Schuylkill County, Pennsylvania,142067
Snyder County, Pennsylvania,40540
Somerset County, Pennsylvania,73952
Sullivan County, Pennsylvania,6071
Susquehanna County, Pennsylvania,40589
Tioga County, Pennsylvania,40763
Union County, Pennsylvania,44785
Venango County, Pennsylvania,51266
Warren County, Pennsylvania,39498
Washington County, Pennsylvania,207346
Wayne County, Pennsylvania,51276
Westmoreland County, Pennsylvania,350611
Wyoming County, Pennsylvania,27046
York County, Pennsylvania,448273
Bristol County, Rhode Island,48649
Kent County, Rhode Island,163861
Newport County, Rhode Island,82542
Providence County, Rhode Island,636084
Washington County, Rhode Island,126179
Abbeville County, South Carolina,24541
Aiken County, South Carolina,169401
Allendale County, South Carolina,8903
Anderson County, South Carolina,200482
Bamberg County, South Carolina,14275
Barnwell County, South Carolina,21112
Beaufort County, South Carolina,188715
Berkeley County, South Carolina,221091
Calhoun County, South Carolina,14520
Charleston County, South Carolina,405905
Cherokee County, South Carolina,57078
Chester County, South Carolina,32251
Chesterfield County, South Carolina,45754
Clarendon County, South Carolina,33700
Colleton County, South Carolina,37660
Darlington County, South Carolina,66802
Dillon County, South Carolina,30599
Dorchester County, South Carolina,160647
Edgefield County, South Carolina,27052
Fairfield County, South Carolina,22402
Florence County, South Carolina,138159
Georgetown County, South Carolina,62249
Greenville County, South Carolina,514213
Greenwood County, South Carolina,70741
Hampton County, South Carolina,19351
Horry County, South Carolina,344147
Jasper County, South Carolina,28971
Kershaw County, South Carolina,65592
Lancaster County, South Carolina,95380
Laurens County, South Carolina,66994
Lee County, South Carolina,17142
Lexington County, South Carolina,295032
McCormick County, South Carolina,9410
Marion County, South Carolina,31039
Marlboro County, South Carolina,26398
Newberry County, South Carolina,38520
Oconee County, South Carolina,78374
Orangeburg County, South Carolina,86934
Pickens County, South Carolina,124937
Richland County, South Carolina,414576
Saluda County, South Carolina,20544
Spartanburg County, South Carolina,313888
Sumter County, South Carolina,106512
Union County, South Carolina,27410
Williamsburg County, South Carolina,30606
York County, South Carolina,274118
Aurora County, South Dakota,2801
Beadle County, South Dakota,18883
Bennett County, South Dakota,3468
Bon Homme County, South Dakota,6980
Brookings County, South Dakota,35232
Brown County, South Dakota,39316
Brule County, South Dakota,5229
Buffalo County, South Dakota,2036
Butte County, South Dakota,10222
Campbell County, South Dakota,1377
Charles Mix County, South Dakota,9338
Clark County, South Dakota,3739
Clay County, South Dakota,14041
Codington County, South Dakota,28015
Corson County, South Dakota,4165
Custer County, South Dakota,8726
Davison County, South Dakota,19790
Day County, South Dakota,5505
Deuel County, South Dakota,4337
Dewey County, South Dakota,5904
Douglas County, South Dakota,2935
Edmunds County, South Dakota,3875
Fall River County, South Dakota,6758
Faulk County, South Dakota,2330
Grant County, South Dakota,7147
Gregory County, South Dakota,4212
Haakon County, South Dakota,1918
Hamlin County, South Dakota,6111
Hand County, South Dakota,3262
Hanson County, South Dakota,3376
Harding County, South Dakota,1249
Hughes County, South Dakota,17650
Hutchinson County, South Dakota,7380
Hyde County, South Dakota,1282
Jackson County, South Dakota,3307
Jerauld County, South Dakota,2043
Jones County, South Dakota,928
Kingsbury County, South Dakota,4919
Lake County, South Dakota,13057
Lawrence County, South Dakota,25741
Lincoln County, South Dakota,58807
Lyman County, South Dakota,3821
McCook County, South Dakota,5546
McPherson County, South Dakota,2407
Marshall County, South Dakota,5112
Meade County, South Dakota,28294
Mellette County, South Dakota,2042
Miner County, South Dakota,2213
Minnehaha County, South Dakota,192876
Moody County, South Dakota,6579
Oglala Lakota County, South Dakota,14309
Pennington County, South Dakota,111729
Perkins County, South Dakota,2922
Potter County, South Dakota,2207
Roberts County, South Dakota,10447
Sanborn County, South Dakota,2429
Spink County, South Dakota,6495
Stanley County, South Dakota,3022
Sully County, South Dakota,1392
Todd County, South Dakota,10283
Tripp County, South Dakota,5478
Turner County, South Dakota,8424
Union County, South Dakota,15619
Walworth County, South Dakota,5587
Yankton County, South Dakota,22869
Ziebach County, South Dakota,2742
Anderson County, Tennessee,76482
Bedford County, Tennessee,49038
Benton County, Tennessee,16184
Bledsoe County, Tennessee,14755
Blount County, Tennessee,131349
Bradley County, Tennessee,106727
Campbell County, Tennessee,39583
Cannon County, Tennessee,14462
Carroll County, Tennessee,28020
Carter County, Tennessee,56351
Cheatham County, Tennessee,40439
Chester County, Tennessee,17276
Claiborne County, Tennessee,31756
Clay County, Tennessee,7717
Cocke County, Tennessee,35774
Coffee County, Tennessee,55700
Crockett County, Tennessee,14328
Cumberland County, Tennessee,59673
Davidson County, Tennessee,692587
Decatur County, Tennessee,11706
DeKalb County, Tennessee,20138
Dickson County, Tennessee,53446
Dyer County, Tennessee,37320
Fayette County, Tennessee,40507
Fentress County, Tennessee,18217
Franklin County, Tennessee,41890
Gibson County, Tennessee,49045
Giles County, Tennessee,29503
Grainger County, Tennessee,23145
Greene County, Tennessee,69087
Grundy County, Tennessee,13346
Hamblen County, Tennessee,64569
Hamilton County, Tennessee,364286
Hancock County, Tennessee,6549
Hardeman County, Tennessee,25220
Hardin County, Tennessee,25776
Hawkins County, Tennessee,56530
Haywood County, Tennessee,17335
Henderson County, Tennessee,27847
Henry County, Tennessee,32358
Hickman County, Tennessee,25063
Houston County, Tennessee,8263
Humphreys County, Tennessee,18486
Jackson County, Tennessee,11758
Jefferson County, Tennessee,54012
Johnson County, Tennessee,17778
Knox County, Tennessee,465289
Lake County, Tennessee,7411
Lauderdale County, Tennessee,25825
Lawrence County, Tennessee,43734
Lewis County, Tennessee,12086
Lincoln County, Tennessee,34117
Loudon County, Tennessee,53054
McMinn County, Tennessee,53285
McNairy County, Tennessee,25832
Macon County, Tennessee,24265
Madison County, Tennessee,97605
Marion County, Tennessee,28575
Marshall County, Tennessee,33683
Maury County, Tennessee,94340
Meigs County, Tennessee,12306
Monroe County, Tennessee,46357
Montgomery County, Tennessee,205950
Moore County, Tennessee,6411
Morgan County, Tennessee,21579
Obion County, Tennessee,30267
Overton County, Tennessee,22068
Perry County, Tennessee,8064
Pickett County, Tennessee,5082
Polk County, Tennessee,16898
Putnam County, Tennessee,78843
Rhea County, Tennessee,33044
Roane County, Tennessee,53140
Robertson County, Tennessee,71012
Rutherford County, Tennessee,324890
Scott County, Tennessee,22039
Sequatchie County, Tennessee,14876
Sevier County, Tennessee,97892
Shelby County, Tennessee,935764
Smith County, Tennessee,19942
Stewart County, Tennessee,13561
Sullivan County, Tennessee,157668
Sumner County, Tennessee,187149
Tipton County, Tennessee,61581
Trousdale County, Tennessee,11012
Unicoi County, Tennessee,17761
Union County, Tennessee,19688
Van Buren County, Tennessee,5765
Warren County, Tennessee,40878
Washington County, Tennessee,128607
Wayne County, Tennessee,16558
Weakley County, Tennessee,33415
White County, Tennessee,27107
Williamson County, Tennessee,231729
Wilson County, Tennessee,140625
Anderson County, Texas,58057
Andrews County, Texas,18128
Angelina County, Texas,87092
Aransas County, Texas,23792
Archer County, Texas,8786
Armstrong County, Texas,1892
Atascosa County, Texas,50310
Austin County, Texas,29989
Bailey County, Texas,7027
Bandera County, Texas,22824
Bastrop County, Texas,86976
Baylor County, Texas,3582
Bee County, Texas,32587
Bell County, Texas,355642
Bexar County, Texas,1986049
Blanco County, Texas,11702
Borden County, Texas,648
Bosque County, Texas,18691
Bowie County, Texas,94324
Brazoria County, Texas,370200
Brazos County, Texas,226758
Brewster County, Texas,9267
Briscoe County, Texas,1516
Brooks County, Texas,7114
Brown County, Texas,37924
Burleson County, Texas,18389
Burnet County, Texas,47542
Caldwell County, Texas,43247
Calhoun County, Texas,21561
Callahan County, Texas,13994
Cameron County, Texas,423908
Camp County, Texas,13033
Carson County, Texas,6005
Cass County, Texas,30119
Castro County, Texas,7665
Chambers County, Texas,42454
Cherokee County, Texas,52592
Childress County, Texas,7291
Clay County, Texas,10456
Cochran County, Texas,2836
Coke County, Texas,3370
Coleman County, Texas,8397
Collin County, Texas,1005146
Collingsworth County, Texas,2962
Colorado County, Texas,21217
Comal County, Texas,148373
Comanche County, Texas,13534
Concho County, Texas,4276
Cooke County, Texas,40574
Coryell County, Texas,74808
Cottle County, Texas,1389
Crane County, Texas,4794
Crockett County, Texas,3499
Crosby County, Texas,5779
Culberson County, Texas,2204
Dallam County, Texas,7200
Dallas County, Texas,2637772
Dawson County, Texas,12619
Deaf Smith County, Texas,18760
Delta County, Texas,5349
Denton County, Texas,859064
DeWitt County, Texas,20187
Dickens County, Texas,2249
Dimmit County, Texas,10308
Donley County, Texas,3319
Duval County, Texas,11212
Eastland County, Texas,18322
Ector County, Texas,162124
Edwards County, Texas,1928
Ellis County, Texas,179436
El Paso County, Texas,840758
Erath County, Texas,42446
Falls County, Texas,17335
Fannin County, Texas,35286
Fayette County, Texas,25349
Fisher County, Texas,3839
Floyd County, Texas,5837
Foard County, Texas,1200
Fort Bend County, Texas,787858
Franklin County, Texas,10766
Freestone County, Texas,19808
Frio County, Texas,19816
Gaines County, Texas,20901
Galveston County, Texas,337890
Garza County, Texas,6578
Gillespie County, Texas,26804
Glasscock County, Texas,1388
Goliad County, Texas,7584
Gonzales County, Texas,20826
Gray County, Texas,21895
Grayson County, Texas,133991
Gregg County, Texas,123707
Grimes County, Texas,28360
Guadalupe County, Texas,163694
Hale County, Texas,33830
Hall County, Texas,3028
Hamilton County, Texas,8484
Hansford County, Texas,5463
Hardeman County, Texas,3922
Hardin County, Texas,57207
Harris County, Texas,4698619
Harrison County, Texas,66726
Hartley County, Texas,5619
Haskell County, Texas,5813
Hays County, Texas,222631
Hemphill County, Texas,3825
Henderson County, Texas,82299
Hidalgo County, Texas,865939
Hill County, Texas,36354
Hockley County, Texas,22980
Hood County, Texas,60537
Hopkins County, Texas,36810
Houston County, Texas,23169
Howard County, Texas,36459
Hudspeth County, Texas,4795
Hunt County, Texas,96493
Hutchinson County, Texas,21198
Irion County, Texas,1522
Jack County, Texas,8843
Jackson County, Texas,14874
Jasper County, Texas,35872
Jeff Davis County, Texas,2252
Jefferson County, Texas,255001
Jim Hogg County, Texas,5248
Jim Wells County, Texas,40822
Johnson County, Texas,171361
Jones County, Texas,19817
Karnes County, Texas,15650
Kaufman County, Texas,128622
Kendall County, Texas,45641
Kenedy County, Texas,442
Kent County, Texas,726
Kerr County, Texas,52405
Kimble County, Texas,4362
King County, Texas,277
Kinney County, Texas,3767
Kleberg County, Texas,31129
Knox County, Texas,3653
Lamar County, Texas,49728
Lamb County, Texas,13158
Lampasas County, Texas,21229
La Salle County, Texas,7531
Lavaca County, Texas,20110
Lee County, Texas,17144
Leon County, Texas,17270
Liberty County, Texas,86323
Limestone County, Texas,23519
Lipscomb County, Texas,3355
Live Oak County, Texas,12166
Llano County, Texas,21646
Loving County, Texas,152
Lubbock County, Texas,307412
Lynn County, Texas,5877
McCulloch County, Texas,7987
McLennan County, Texas,254607
McMullen County, Texas,749
Madison County, Texas,14422
Marion County, Texas,9928
Martin County, Texas,5753
Mason County, Texas,4280
Matagorda County, Texas,36552
Maverick County, Texas,58485
Medina County, Texas,50921
Menard County, Texas,2139
Midland County, Texas,172578
Milam County, Texas,25131
Mills County, Texas,4921
Mitchell County, Texas,8145
Montague County, Texas,19596
Montgomery County, Texas,590925
Moore County, Texas,21485
Morris County, Texas,12339
Motley County, Texas,1234
Nacogdoches County, Texas,65711
Navarro County, Texas,49565
Newton County, Texas,13746
Nolan County, Texas,14751
Nueces County, Texas,362265
Ochiltree County, Texas,9947
Oldham County, Texas,2131
Orange County, Texas,83572
Palo Pinto County, Texas,28875
Panola County, Texas,23148
Parker County, Texas,138371
Parmer County, Texas,9864
Pecos County, Texas,15673
Polk County, Texas,50031
Potter County, Texas,119648
Presidio County, Texas,6948
Rains County, Texas,12159
Randall County, Texas,136271
Reagan County, Texas,3741
Real County, Texas,3478
Red River County, Texas,12175
Reeves County, Texas,15695
Refugio County, Texas,7032
Roberts County, Texas,903
Robertson County, Texas,17284
Rockwall County, Texas,100657
Runnels County, Texas,10234
Rusk County, Texas,54450
Sabine County, Texas,10589
San Augustine County, Texas,8232
San Jacinto County, Texas,28719
San Patricio County, Texas,66893
San Saba County, Texas,6054
Schleicher County, Texas,2895
Scurry County, Texas,16866
Shackelford County, Texas,3253
Shelby County, Texas,25418
Sherman County, Texas,3079
Smith County, Texas,230221
Somervell County, Texas,9016
Starr County, Texas,64525
Stephens County, Texas,9433
Sterling County, Texas,1311
Stonewall County, Texas,1362
Sutton County, Texas,3758
Swisher County, Texas,7462
Tarrant County, Texas,2084931
Taylor County, Texas,137640
Terrell County, Texas,823
Terry County, Texas,12287
Throckmorton County, Texas,1515
Titus County, Texas,33033
Tom Green County, Texas,118189
Travis County, Texas,1248743
Trinity County, Texas,14740
Tyler County, Texas,21696
Upshur County, Texas,41260
Upton County, Texas,3671
Uvalde County, Texas,26846
Val Verde County, Texas,49208
Van Zandt County, Texas,56019
Victoria County, Texas,92035
Walker County, Texas,72480
Waller County, Texas,53126
Ward County, Texas,11720
Washington County, Texas,35108
Webb County, Texas,275910
Wharton County, Texas,41619
Wheeler County, Texas,5191
Wichita County, Texas,132064
Wilbarger County, Texas,12820
Willacy County, Texas,21515
Williamson County, Texas,566719
Wilson County, Texas,50224
Winkler County, Texas,7720
Wise County, Texas,68305
Wood County, Texas,45129
Yoakum County, Texas,8591
Young County, Texas,18045
Zapata County, Texas,14190
Zavala County, Texas,11983
Beaver County, Utah,6580
Box Elder County, Utah,54950
Cache County, Utah,127068
Carbon County, Utah,20269
Daggett County, Utah,980
Davis County, Utah,351713
Duchesne County, Utah,19964
Emery County, Utah,10014
Garfield County, Utah,5080
Grand County, Utah,9764
Iron County, Utah,52775
Juab County, Utah,11555
Kane County, Utah,7709
Millard County, Utah,13006
Morgan County, Utah,12045
Piute County, Utah,1445
Rich County, Utah,2464
Salt Lake County, Utah,1152633
San Juan County, Utah,15449
Sanpete County, Utah,30623
Sevier County, Utah,21539
Summit County, Utah,41933
Tooele County, Utah,69907
Uintah County, Utah,35438
Utah County, Utah,622213
Wasatch County, Utah,33240
Washington County, Utah,171700
Wayne County, Utah,2690
Weber County, Utah,256359
Addison County, Vermont,36973
Bennington County, Vermont,35631
Caledonia County, Vermont,30302
Chittenden County, Vermont,164572
Essex County, Vermont,6250
Franklin County, Vermont,49421
Grand Isle County, Vermont,7090
Lamoille County, Vermont,25300
Orange County, Vermont,28999
Orleans County, Vermont,26907
Rutland County, Vermont,58672
Washington County, Vermont,58140
Windham County, Vermont,42756
Windsor County, Vermont,55286
Accomack County, Virginia,32412
Albemarle County, Virginia,108718
Alleghany County, Virginia,14910
Amelia County, Virginia,13013
Amherst County, Virginia,31666
Appomattox County, Virginia,15841
Arlington County, Virginia,237521
Augusta County, Virginia,75457
Bath County, Virginia,4292
Bedford County, Virginia,78747
Bland County, Virginia,6293
Botetourt County, Virginia,33277
Brunswick County, Virginia,16384
Buchanan County, Virginia,21221
Buckingham County, Virginia,16999
Campbell County, Virginia,54973
Caroline County, Virginia,30772
Carroll County, Virginia,29636
Charles City County, Virginia,6941
Charlotte County, Virginia,11938
Chesterfield County, Virginia,348556
Clarke County, Virginia,14523
Craig County, Virginia,5064
Culpeper County, Virginia,51859
Cumberland County, Virginia,9809
Dickenson County, Virginia,14523
Dinwiddie County, Virginia,28529
Essex County, Virginia,10919
Fairfax County, Virginia,1150795
Fauquier County, Virginia,70675
Floyd County, Virginia,15795
Fluvanna County, Virginia,26783
Franklin County, Virginia,56195
Frederick County, Virginia,88355
Giles County, Virginia,16844
Gloucester County, Virginia,37349
Goochland County, Virginia,23244
Grayson County, Virginia,15631
Greene County, Virginia,19779
Greensville County, Virginia,11627
Halifax County, Virginia,34120
Hanover County, Virginia,107239
Henrico County, Virginia,329261
Henry County, Virginia,50953
Highland County, Virginia,2210
Isle of Wight County, Virginia,36953
James City County, Virginia,76397
King and Queen County, Virginia,7042
King George County, Virginia,26575
King William County, Virginia,16939
Lancaster County, Virginia,10783
Lee County, Virginia,23541
Loudoun County, Virginia,406850
Louisa County, Virginia,36778
Lunenburg County, Virginia,12086
Madison County, Virginia,13295
Mathews County, Virginia,8802
Mecklenburg County, Virginia,30650
Middlesex County, Virginia,10769
Montgomery County, Virginia,98985
Nelson County, Virginia,14836
New Kent County, Virginia,22391
Northampton County, Virginia,11735
Northumberland County, Virginia,12147
Nottoway County, Virginia,15420
Orange County, Virginia,36644
Page County, Virginia,23933
Patrick County, Virginia,17673
Pittsylvania County, Virginia,60949
Powhatan County, Virginia,29189
Prince Edward County, Virginia,22950
Prince George County, Virginia,38082
Prince William County, Virginia,468011
Pulaski County, Virginia,34066
Rappahannock County, Virginia,7252
Richmond County, Virginia,9038
Roanoke County, Virginia,94073
Rockbridge County, Virginia,22752
Rockingham County, Virginia,81244
Russell County, Virginia,26748
Scott County, Virginia,21534
Shenandoah County, Virginia,43497
Smyth County, Virginia,30472
Southampton County, Virginia,17586
Spotsylvania County, Virginia,134238
Stafford County, Virginia,149960
Surry County, Virginia,6474
Sussex County, Virginia,11237
Tazewell County, Virginia,40855
Warren County, Virginia,40003
Washington County, Virginia,54402
Westmoreland County, Virginia,17830
Wise County, Virginia,38012
Wythe County, Virginia,28754
York County, Virginia,67846
Alexandria city, Virginia,160530
Bristol city, Virginia,16482
Buena Vista city, Virginia,6237
Charlottesville city, Virginia,48117
Chesapeake city, Virginia,242634
Colonial Heights city, Virginia,17833
Covington city, Virginia,5460
Danville city, Virginia,40693
Emporia city, Virginia,5121
Fairfax city, Virginia,24574
Falls Church city, Virginia,14772
Franklin city, Virginia,8013
Fredericksburg city, Virginia,29144
Galax city, Virginia,6423
Hampton city, Virginia,134313
Harrisonburg city, Virginia,54033
Hopewell city, Virginia,22596
Lexington city, Virginia,7136
Lynchburg city, Virginia,82126
Manassas city, Virginia,41641
Manassas Park city, Virginia,17307
Martinsville city, Virginia,12902
Newport News city, Virginia,178626
Norfolk city, Virginia,244076
Norton city, Virginia,3968
Petersburg city, Virginia,31567
Poquoson city, Virginia,12190
Portsmouth city, Virginia,94632
Radford city, Virginia,18339
Richmond city, Virginia,228783
Roanoke city, Virginia,99920
Salem city, Virginia,25643
Staunton city, Virginia,24922
Suffolk city, Virginia,91185
Virginia Beach city, Virginia,450189
Waynesboro city, Virginia,22628
Williamsburg city, Virginia,14896
Winchester city, Virginia,28108
Adams County, Washington,19759
Asotin County, Washington,22610
Benton County, Washington,201877
Chelan County, Washington,77036
Clallam County, Washington,76737
Clark County, Washington,481857
Columbia County, Washington,4059
Cowlitz County, Washington,108987
Douglas County, Washington,42907
Ferry County, Washington,7649
Franklin County, Washington,94347
Garfield County, Washington,2247
Grant County, Washington,97331
Grays Harbor County, Washington,73901
Island County, Washington,84460
Jefferson County, Washington,31729
King County, Washington,2233163
Kitsap County, Washington,269805
Kittitas County, Washington,47364
Klickitat County, Washington,22107
Lewis County, Washington,79604
Lincoln County, Washington,10740
Mason County, Washington,65507
Okanogan County, Washington,42132
Pacific County, Washington,22036
Pend Oreille County, Washington,13602
Pierce County, Washington,891299
San Juan County, Washington,17128
Skagit County, Washington,128206
Skamania County, Washington,11924
Snohomish County, Washington,814901
Spokane County, Washington,514631
Stevens County, Washington,45260
Thurston County, Washington,286419
Wahkiakum County, Washington,4426
Walla Walla County, Washington,60922
Whatcom County, Washington,225685
Whitman County, Washington,49791
Yakima County, Washington,251446
Barbour County, West Virginia,16535
Berkeley County, West Virginia,117123
Boone County, West Virginia,21951
Braxton County, West Virginia,14089
Brooke County, West Virginia,22203
Cabell County, West Virginia,93224
Calhoun County, West Virginia,7254
Clay County, West Virginia,8632
Doddridge County, West Virginia,8406
Fayette County, West Virginia,43018
Gilmer County, West Virginia,8026
Grant County, West Virginia,11626
Greenbrier County, West Virginia,34786
Hampshire County, West Virginia,23347
Hancock County, West Virginia,29094
Hardy County, West Virginia,13775
Harrison County, West Virginia,67554
Jackson County, West Virginia,28706
Jefferson County, West Virginia,56811
Kanawha County, West Virginia,180454
Lewis County, West Virginia,16024
Lincoln County, West Virginia,20599
Logan County, West Virginia,32607
McDowell County, West Virginia,18223
Marion County, West Virginia,56097
Marshall County, West Virginia,30785
Mason County, West Virginia,26718
Mercer County, West Virginia,59131
Mineral County, West Virginia,26940
Mingo County, West Virginia,23785
Monongalia County, West Virginia,106420
Monroe County, West Virginia,13280
Morgan County, West Virginia,17787
Nicholas County, West Virginia,24842
Ohio County, West Virginia,41755
Pendleton County, West Virginia,6997
Pleasants County, West Virginia,7507
Pocahontas County, West Virginia,8414
Preston County, West Virginia,33839
Putnam County, West Virginia,56682
Raleigh County, West Virginia,74254
Randolph County, West Virginia,28823
Ritchie County, West Virginia,9721
Roane County, West Virginia,13932
Summers County, West Virginia,12760
Taylor County, West Virginia,16862
Tucker County, West Virginia,6955
Tyler County, West Virginia,8746
Upshur County, West Virginia,24415
Wayne County, West Virginia,39944
Webster County, West Virginia,8285
Wetzel County, West Virginia,15270
Wirt County, West Virginia,5830
Wood County, West Virginia,84203
Wyoming County, West Virginia,20786
Adams County, Wisconsin,20348
Ashland County, Wisconsin,15600
Barron County, Wisconsin,45164
Bayfield County, Wisconsin,15042
Brown County, Wisconsin,263378
Buffalo County, Wisconsin,13125
Burnett County, Wisconsin,15392
Calumet County, Wisconsin,50159
Chippewa County, Wisconsin,64135
Clark County, Wisconsin,34709
Columbia County, Wisconsin,57358
Crawford County, Wisconsin,16291
Dane County, Wisconsin,542364
Dodge County, Wisconsin,87847
Door County, Wisconsin,27610
Douglas County, Wisconsin,43208
Dunn County, Wisconsin,45131
Eau Claire County, Wisconsin,104534
Florence County, Wisconsin,4321
Fond du Lac County, Wisconsin,103066
Forest County, Wisconsin,8991
Grant County, Wisconsin,51554
Green County, Wisconsin,36929
Green Lake County, Wisconsin,18918
Iowa County, Wisconsin,23771
Iron County, Wisconsin,5676
Jackson County, Wisconsin,20478
Jefferson County, Wisconsin,85129
Juneau County, Wisconsin,26617
Kenosha County, Wisconsin,169290
Kewaunee County, Wisconsin,20383
La Crosse County, Wisconsin,118230
Lafayette County, Wisconsin,16665
Langlade County, Wisconsin,19268
Lincoln County, Wisconsin,27689
Manitowoc County, Wisconsin,79074
Marathon County, Wisconsin,135428
Marinette County, Wisconsin,40434
Marquette County, Wisconsin,15434
Menominee County, Wisconsin,4658
Milwaukee County, Wisconsin,948201
Monroe County, Wisconsin,46051
Oconto County, Wisconsin,37830
Oneida County, Wisconsin,35470
Outagamie County, Wisconsin,187365
Ozaukee County, Wisconsin,89147
Pepin County, Wisconsin,7289
Pierce County, Wisconsin,42555
Polk County, Wisconsin,43598
Portage County, Wisconsin,70942
Price County, Wisconsin,13397
Racine County, Wisconsin,196584
Richland County, Wisconsin,17377
Rock County, Wisconsin,163129
Rusk County, Wisconsin,14147
St Croix County, Wisconsin,89694
Sauk County, Wisconsin,64249
Sawyer County, Wisconsin,16489
Shawano County, Wisconsin,40796
Sheboygan County, Wisconsin,115456
Taylor County, Wisconsin,20412
Trempealeau County, Wisconsin,29442
Vernon County, Wisconsin,30785
Vilas County, Wisconsin,21938
Walworth County, Wisconsin,103718
Washburn County, Wisconsin,15878
Washington County, Wisconsin,135693
Waukesha County, Wisconsin,403072
Waupaca County, Wisconsin,51128
Waushara County, Wisconsin,24263
Winnebago County, Wisconsin,171020
Wood County, Wisconsin,73055
Albany County, Wyoming,38601
Big Horn County, Wyoming,11881
Campbell County, Wyoming,46140
Carbon County, Wyoming,14971
Converse County, Wyoming,13640
Crook County, Wyoming,7450
Fremont County, Wyoming,39531
Goshen County, Wyoming,13376
Hot Springs County, Wyoming,4555
Johnson County, Wyoming,8460
Laramie County, Wyoming,98976
Lincoln County, Wyoming,19434
Natrona County, Wyoming,79115
Niobrara County, Wyoming,2388
Park County, Wyoming,29324
Platte County, Wyoming,8566
Sheridan County, Wyoming,30233
Sublette County, Wyoming,9813
Sweetwater County, Wyoming,43051
Teton County, Wyoming,23081
Uinta County, Wyoming,20299
Washakie County, Wyoming,7885
Weston County, Wyoming,6967
 All Counties,Alabama,4887871
 All Counties,Alaska,737438
 All Counties,Arizona,7171646
 All Counties,Arkansas,3013825
 All Counties,California,39557045
 All Counties,Colorado,5695564
 All Counties,Connecticut,3572665
 All Counties,Delaware,967171
 All Counties,District of Columbia,702455
 All Counties,Florida,21299325
 All Counties,Georgia,10519475
 All Counties,Hawaii,1420491
 All Counties,Idaho,1754208
 All Counties,Illinois,12741080
 All Counties,Indiana,6691878
 All Counties,Iowa,3156145
 All Counties,Kansas,2911505
 All Counties,Kentucky,4468402
 All Counties,Louisiana,4659978
 All Counties,Maine,1338404
 All Counties,Maryland,6042718
 All Counties,Massachusetts,6902149
 All Counties,Michigan,9995915
 All Counties,Minnesota,5611179
 All Counties,Mississippi,2986530
 All Counties,Missouri,6126452
 All Counties,Montana,1062305
 All Counties,Nebraska,1929268
 All Counties,Nevada,3034392
 All Counties,New Hampshire,1356458
 All Counties,New Jersey,8908520
 All Counties,New Mexico,2095428
 All Counties,New York,19542209
 All Counties,North Carolina,10383620
 All Counties,North Dakota,760077
 All Counties,Ohio,11689442
 All Counties,Oklahoma,3943079
 All Counties,Oregon,4190713
 All Counties,Pennsylvania,12807060
 All Counties,Rhode Island,1057315
 All Counties,South Carolina,5084127
 All Counties,South Dakota,882235
 All Counties,Tennessee,6770010
 All Counties,Texas,28701845
 All Counties,Utah,3161105
 All Counties,Vermont,626299
 All Counties,Virginia,8517685
 All Counties,Washington,7535591
 All Counties,West Virginia,1805832
 All Counties,Wisconsin,5813568
 All Counties,Wyoming,577737
